,Unnamed: 0,title,text
0,0,The Meeting (2012 film),"The Meeting is a 2012 Nigerian romantic comedy drama film produced by Rita Dominic & Mildred Okwo and directed by Mildred Okwo. It stars Femi Jacobs, Rita Dominic, Linda Ejiofor, Kehinde Bankole and Jide Kosoko with Special Appearances from Nse Ikpe Etim, Kate Henshaw and Chinedu Ikedieze. It received 6 nominations at the 9th Africa Movie Academy Awards and won the award for the category Achievement In Make-Up. Plot The film opens at the Nnamdi Azikiwe International Airport, Abuja, with a phone conversation between Mr. Makinde Esho (Femi Jacobs) and his Managing director (Jide Kosoko). Makinde is reminded by his MD about how important it is for him to get an authorization from the Ministry of Land, and return to Lagos with a positive feedback. Just as Makinde is about to board a Taxi, he is interrupted by Ejura (Linda Ejiofor), a female Corp member who pleads for a Lift, as she is short on cash and there is a long queue at the ATM. Makinde refuses at first, but after much persuasion from Ejura, he reluctantly agrees. Even though Ejura had promised earlier to keep mute during the ride, her inquisitive nature gives Makinde facial expressions that prompt answers and eventually start a conversation. Mr Makinde arrives at the Ministry of land and is met by a scenario involving Mr. Ugor (Chinedu Ikedieze), being forced out of the building by security operatives. Makinde is in awe but manages to help find his way to the reception desk to meet the minister's discourteous secretary, Clara Ikemba (Rita Dominic). He is unapologetically informed by Clara that his meeting, which was originally scheduled for 9:30 am, has been moved to 4:30 pm. Makinde retires his stance and joins the other appointees who are all seated to see the minister. While waiting, Clara informs the appointees that she sells recharge cards and cold drinks to cater for their needs as they wait to see the minister, Ejura also calls Mr Makinde to thank him for the ride he gave to her earlier while he was having his lunch at a nearby eatery . Several hours has gone past and Makinde is yet to get a word from the secretary about his rescheduled meeting. He decides to inquire about it from her but to his surprise, she informs him rudely that the minister has already left the office. Makinde argues that she could have told him and others waiting, instead of making people waste their precious time. Clara replies him ""OYO (meaning On Your Own) is their case"", a slang which means everyman is responsible to himself and she has no business telling them to wait or go home. The meeting is eventually rescheduled for the following day. Makinde checks into a hotel. While trying to fight boredom, Ejura calls and eventually joins Makinde in the hotel in a bid to keep him company. Makinde is set to give his presentation to the minister on Tuesday morning, but just as the secretary is about to inform the minister of his presence, a group of Igbo kinsmen"
1,1,Ahaa Re,"Ahaa Re (2019) is a critically acclaimed Indian drama film directed by noted Bengali filmmaker Ranjan Ghosh. It is the third feature film by the director known for his earlier films Hrid Majharey and Rongberonger Korhi. It features Arifin Shuvoo, Rituparna Sengupta, Amrita Chattopadhyay, Paran Bandopadhyay and Deepankar De. The film is Produced by Bhavna-Aj-O-Kal. Plot Farhaz Chowdhury, a top chef from Dhaka, first falls in love with her cooking and then with Basundhara — a woman who runs a home catering service. Ahaa Re is a celebration of food, and the love for it. More precisely, it's a celebration of the invested emotions and senses that turns cooking into an art form. And all this comes with a generous dollop of Bangaliana. Cast Arifin Shuvoo as Farhaz Chowdhury/Raja Rituparna Sengupta as Basundhara Amrita Chattopadhyay as Shahida, Farhaz's girlfriend Paran Bandopadhyay as Atanu Ganguly, Basundhara's father-in-law Deepankar De as Abhijit Sen, Farhaz's stepfather Shakuntala Barua as Debjani Sen, Farhaz's mother Shubhro Sankha Das as Bappa, Basundhara's brother-in-law Anuvab Pal as Kamaljeet, Farhaz's friend Alamgir (actor) as Restaurant Owner Production The filming officially began at mid 2018 in Kolkata. Costume design and Make-up The film's costumes were designed by Shreyasi Bose. Make-up artists for Rituparna Sengupta were Anup Malakar, Malati Das and Shandha Poddar. Shumon Shaha did the make-up for Arifin Shuvoo. Kishore Das was the make-up artist for the rest of the actors. Soundtrack The soundtrack of Ahaa Re was composed by Savvy. Track listing Release The film was released in India on 22 February 2019. References External links Category:Indian films Category:2019 films Category:2010s Bengali-language films"
2,2,Werner Dreßel,"Werner Dreßel (born 30 August 1958 in Hambach) is a German football coach and a former player. As a player, he spent nine seasons in the Bundesliga with SV Werder Bremen, Hamburger SV, 1. FC Nürnberg and Borussia Dortmund. Honours Bundesliga: 1981–82 Bundesliga runner-up: 1980–81 DFB-Pokal finalist: 1981–82 References External links Category:Living people Category:1958 births Category:Association football forwards Category:German footballers Category:German football managers Category:SV Werder Bremen players Category:Hamburger SV players Category:1. FC Nürnberg players Category:Borussia Dortmund players Category:Eintracht Braunschweig players Category:Viktoria Aschaffenburg players Category:Bundesliga players Category:2. Bundesliga players Category:3. Liga managers"
3,3,Gink,"Gink may refer to: Boob Fowler (1900–1988), American Major League Baseball player Harvey Hendrick (1897–1941), American American Major League Baseball player Hotel de Gink, a series of self-service American hotels created by and for homeless men, starting in 1913 Wink Gink, a short-lived advertising character for Wink (soft drink) ""GINK"" (""green inclinations, no kids""), a variation of DINK (acronym), people who choose not to have children for environmental reasons See also Captain Gincks (), sometimes spelled Ginks, a privateer based in New York"
4,4,East Coast,"East Coast may refer to: Entertainment East Coast hip hop, a subgenre of hip hop ""East Coast"" (ASAP Ferg song), 2017 ""East Coast"" (Saves the Day song), 2004 East Coast FM, a radio station in Co. Wicklow, Ireland East Coast Swing, a form of social partner dance Places East Coast of the United States Eastern United States (by extension of the above) East Coast (New Zealand electorate) Atlantic Canada, New Brunswick, Prince Edward Island, Nova Scotia, and Newfoundland and Labrador Australian south-east coast drainage division, an area of southern Australia Eastern states of Australia East Region, Singapore Gisborne District, area of New Zealand referred to as the East Coast Levante, Spain, eastern region of the Iberian Peninsula East coast of India or Eastern Coastal Plains, includes the Coromandel Coast Transportation East Coast (train operating company), a former train company in the UK East Coast Buses, a subsidiary of Lothian Buses in Scotland East Coast Greenway, biking and walking route in U.S. East Coast Main Line, English railway link East Coast Parkway, an expressway on the southeastern coast of Singapore East Coast Railway Zone (India), one of the sixteen railway zones of Indian Railways Florida East Coast Railway, a Class II railroad operating in the US state of Florida New Brunswick East Coast Railway, a historic Canadian railway that operated in New Brunswick East Coast of Peninsular Malaysia London North Eastern Railway, UK train company Other East coast akalat, a small passerine bird East Coast bias, when American East Coast sports teams are given undue weight by broadcasters East Coast Borough Council, proposed name for Ards and North Down Borough Council, Northern Ireland, UK"
5,5,Junior Fisher,Junior Fisher (born 2 April 1978) is a Caymanian footballer who plays as a defender. He has represented the Cayman Islands at full international level. References Category:Association football defenders Category:Living people Category:1978 births Category:Caymanian footballers Category:Cayman Islands international footballers Category:George Town SC players Category:Scholars International players
6,6,Sandersdorf,"Sandersdorf is a village and a former municipality in the district of Anhalt-Bitterfeld, in Saxony-Anhalt, Germany. Since 1 July 2009, it is part of the town Sandersdorf-Brehna. It is situated approximately 5 km west of Bitterfeld, and 27 km northeast of Halle (Saale). The village contains the Sandersdorf Castle, a 17th-century stately home erected on the site of a fortified castle from the mid 12th century. It is the birthplace of German author Johann Gottfried Schnabel. References Category:Villages in Saxony-Anhalt Category:Bezirk Halle ro:Sandersdorf"
7,7,Bundesautobahn 671,"is an autobahn in the federal state of Hesse, Germany. It begins as a continuation of Mainzer Straße (Bundesstraße 263) in Wiesbaden from its junction with A 66 and connects the center of the Hessian capital city with A 60. Exit list |} External links 671 A671"
8,8,Giulliana Succine,"Giulliana Rocha de Barros Rego (born 30 July 1991), better known as Giulli Succine, is a Brazilian actress and psychologist. He began his career at the age of 11 in the theater with the play O Cinema e a Dança. Already in the television participated in programs like Rebelde, Milagres de Jesus and Sol Nascente. Biography Giulliana Rocha de Barros Rego was born on 30 July 1991 in Barra da Tijuca, a neighborhood in the southern part of Rio de Janeiro. He made his debut in theater at the age of 11, in 2002, with the play O Cinema e Dança, secondly as protagonist the following year in A Bela e a Fera, soon after A Noviça Rebelde in 2004. In 2010, he made his television debut in the miniseries A Vida Alheia produced by Rede Globo under the direction of Cininha de Paula. Two years later, he participated in the remake of Rebelde, a novel produced by RecordTV, where it was directed by Ivan Zettel. In the year of 2014, appeared in the episode of premiere of the biblical series Milagres de Jesus. Between 2015 at 2017, he joined the stand-ins team of the series Escolinha do Professor Raimundo, adaptation of the original creation of Chico Anysio, where he worked alongside Ellen Roche. In 2016, he starred opposite the actor Bruno Gagliasso during the novel Sol Nascente, a month later reappeared in Malhação: Pro Dia Nascer Feliz, where the character Tânia lived in his youth. After 14 years out of the theater, Giulliana returned in 2018 with the play Noite da Comédia Improvisada at Teatro Leblon in Rio de Janeiro, who stayed had a second season with the actress in September of the same year. Personal life In April 2019 he took up a relationship with Daniel Lamassa through Instagram. She is a cousin of the journalist Luca Moreira. Career Television Movies Internet Theater Advertising Campaigns References External links Giulliana Succine on AdoroCinema Category:1991 births Category:Living people Category:Actresses from Rio de Janeiro (city) Category:Brazilian television actresses Category:Brazilian film actresses"
9,9,Booba Barnes,"Roosevelt Melvin ""Booba"" Barnes (September 25, 1936 – April 2, 1996) was an American Delta blues guitar player and vocalist. One commentator noted that Barnes, R. L. Burnside, Big Jack Johnson, Paul ""Wine"" Jones and James ""Super Chikan"" Johnson were ""present-day exponents of an edgier, electrified version of the raw, uncut Delta blues sound."" Career Born in Longwood, Washington County, Mississippi, United States, Barnes got his start in 1960 as a member of the Swinging Gold Coasters, a local Mississippi blues outfit. He relocated to Chicago in 1964, where he played in bars and clubs, but returned to Mississippi in 1971 and continued to perform locally into the early 1980s. In 1984, Barnes hooked up with Lil' Dave Thompson when the latter was aged 15, and the duo played on Mississippi's juke joint circuit. Barnes opened a nightclub, the Playboy Club, in 1985, and played there with a backing group called the Playboys; they became regional blues favorites, and eventually signed to Rooster Blues, who released Barnes's debut effort in 1990. The album was hailed by Allmusic as ""an instant modern classic"", and Guitar Player called Barnes ""a wonderfully idiosyncratic guitar player and an extraordinary vocalist by any standard"". Barnes toured the U.S. and Europe following the album's release. Barnes's career was interrupted in the middle of the decade when he was diagnosed with lung cancer, and he died of the disease in April 1996 in Chicago, aged 59. Discography The Heartbroken Man (Rooster Blues, 1990) References Category:1936 births Category:1996 deaths Category:American blues guitarists Category:American male guitarists Category:American blues singers Category:American male singers Category:Singers from Mississippi Category:People from Washington County, Mississippi Category:Blues musicians from Mississippi Category:Deaths from cancer in Illinois Category:Deaths from lung cancer Category:20th-century American singers Category:20th-century American guitarists Category:Guitarists from Mississippi Category:20th-century male singers"
10,10,Erwin Schrödinger Prize,"The Erwin Schrödinger Prize (German: Erwin Schrödinger-Preis) is an annual award presented by the Austrian Academy of Sciences for lifetime achievement by Austrians in the fields of mathematics and natural sciences. The prize was established in 1958, and was first awarded to its namesake, Erwin Schrödinger. Prize criteria and endowment The prize is awarded at the discretion of the Austrian Academy of Sciences to scholars resident in Austria for excellence and achievements in the mathematical and scientific disciplines in the broadest sense. The prize is not awarded to full members of the Academy. The award ceremony is held annually in October. The prize includes an annual stipend currently of € 15 000, paid monthly. Prize winners 1956 Erwin Schrödinger 1958 Felix Machatschki 1960 Erich Schmid 1962 Marietta Blau 1963 Ludwig Flamm and Karl Przibram 1964 Otto Kratky 1965 Fritz Wessely 1966 Georg Stetter 1967 Berta Karlik and Gustav Ortner 1968 Hans Nowotny 1969 Walter Thirring 1970 Erika Cremer 1971 Richard Biebl 1972 Fritz Regler and Paul Urban 1973 Hans Tuppy 1974 Otto Hittmair and Peter Weinzierl 1975 Richard Kiefer and Erwin Plöckinger 1976 Herbert W. König and Ferdinand Steinhauser 1977 Viktor Gutmann and Helmut Rauch 1978 Edmund Hlawka and Günther Porod 1979 Heinz Parkus 1980 Peter Klaudy and Hans List 1981 Kurt Komarek 1982 Othmar Preining 1983 Josef Schurz and Peter Schuster 1984 Leopold Schmetterer and Josef Zemann 1985 Adolf Neckel and Karl Schlögl 1986 Walter Majerotto and Horst Wahl 1987 Edwin Franz Hengge and Franz Seitelberger 1988 Wolfgang Kummer and Fritz Paschke 1989 Johannes Pötzl 1990 Manfred W. Breiter and Karl Kordesch 1991 Siegfried J. Bauer and Willibald Riedler 1992 Josef F. K. Huber and Karlheinz Seeger 1993 Benno F. Lux and Oskar F. Olaj 1994 Tilmann Märk and Heide Narnhofer 1995 Heinz Gamsjäger and Jürgen Hafner 1996 Alfred Kluwick 1997 Werner Lindinger and Thomas Schönfeld 1998 Peter Zoller 1999 Johann Mulzer 2000 Erich Gornik and Hans Troger 2001 Bernhard Kräutler and Siegfried Selberherr 2002 Ekkehart Tillmanns 2003 Erwin S. Hochmair and Hildegunde Piza 2004 Anton Stütz and Jakob Yngvason 2005 Franz Dieter Fischer and Rainer Kotz 2006 Rainer Blatt 2007 Georg Brasseur and Thomas Jenuwein 2008 Georg Wick 2009 Bernd Mayer 2010 Walter Kutschera 2011 Gerhard A. Holzapfel 2012 Jürgen Knoblich 2013 Nick Barton 2014 Denise P. Barlow 2015 und Jiří Friml 2016 Ortrun Mittelsten Scheid and Jürgen Sandkühler 2017 Francesca Ferlaino 2018 Elly Tanaka and Peter Jonas See also Schrödinger Medal References Category:Austrian science and technology awards"
11,11,Aerocar (disambiguation),"Aero Car or Aerocar may refer to: Automobiles Aerocar (1905 automobile), an American automobile built from 1905 to 1908 Aero Car (1919 automobile), a British 5/7 hp (533 W) flat twin-engine cyclecar manufactured from 1919 to 1920 Aero Car (1921 automobile), a planned American automobile Flying cars Aerocar (1949–1956), several working ""flying cars"" (roadable aircraft) Wagner Aerocar, a roadable helicopter completed in 1965 Aerocar 2000, a roadable aircraft currently in development in the US Light aircraft Portsmouth Aerocar, a British light utility aircraft design of the late 1940s Companies Aerocar International, the company that built the Aerocar as well as: Aerocar Aero-Plane, an unusual light aircraft flown in the US in 1964 Aerocar Coot, a two-seat amphibious aircraft first flown in 1969, designed for homebuilding by Moulton Taylor Aerocar Micro-IMP, a light sportsplane developed from the successful Mini-IMP homebuilt in 1978 Niagara Aero Car Company, which built the Whirlpool Aero Car, an attraction at Niagara Falls, in 1913 See also Flying car (disambiguation) Skycar (disambiguation) John Emery Harriman, designer"
12,12,Papakura Local Board,"The Papakura Local Board is one of the 21 local boards of the Auckland Council. It is overseen by the Manurewa-Papakura Ward councillor. The local board area extends between Alfriston and Drury, and includes Takanini, Hingaia, Red Hill, Pahurehure and the Papakura town centre. 2019–2022 term The current members of the board, elected at the 2019 local body elections, are: Keven Mealamu, Papakura First – (6079 votes) Brent Catchpole, Papakura Action Team – (5247 votes) George Hawkins, Papakura Action Team – (4549 votes) Jan Robinson, Papakura Action Team – (4030 votes) Felicity Auva'a, Papakura First – (3699 votes) Sue Smurthwaite, Papakura Action Team – (3666 votes) 2016–2019 term The board members who served from the 2016 local body elections to the 2019 elections were: Brent Catchpole (Chair) Felicity Auva'a (Deputy chair) George Hawkins Bill McEntee Michael Turner Katrina Winn References Category:Local boards of the Auckland Region"
13,13,Unknown Sender,"UNKNOWN SENDER is an internet television series created in the United States, which debuted in August 2008 on Strike.TV, a website created by Hollywood writers during the 2007–2008 Writers Guild of America strike. Like the other Strike.TV offerings which were sanctioned by the Writers' sister union, the Screen Actors Guild (SAG), UNKNOWN SENDER was able to attract major talent to its cast, all of whom agreed to donate profits to the Hollywood charity, Actors' Fund. Among the actors in the series are Timothy Dalton, Joanne Whalley, Mindy Sterling (Austin Powers' ""Frau Farbissina""), comedian Jay Davis (Dane Cook's Tourgasm), and Stan Freberg. Behind the camera, noteworthy figures include Academy Award nominee Marilyn Vance and pioneer web filmmaker Kevin Rubio (Troops) among the producers; as well as Lost Director of Photography Edward J. Pei, film composer Adam Cohen (The Incredibles); and Special Effects Supervisor Shant Jordan (Hellboy II). Series Premise The five- to ten-minute-long UNKNOWN SENDER episodes consist of suspense or sci-fi stories which share the conceit that they are actual events, captured by closed circuit television (CCTV), surveillance monitors, amateur videographers, and the like, all collected and posted on the web by a mysterious, unseen ""Unknown Sender"". Influences The creator of the show, Die Hard screenwriter Steven E. de Souza, described the series as ""a cross between The Twilight Zone and Alfred Hitchcock Presents"". De Souza, a writer and director on HBO's similarly themed Tales From the Crypt, said another influence was the legendary 1947–1949 Mutual (and later, ABC) network radio horror series, Quiet, Please. Considered by many to be the best example of Golden Age Radio, and a direct precursor of The Twilight Zone, Quiet, Please often dramatized its episodes as if the members of the listening audience were themselves participants or inadvertent observers, eavesdropping on the story’s action. The first episode of UNKNOWN SENDER (1.1 If You’re Seeing this tape…) acknowledges the Quiet, Please connection via its opening music, Symphony in D minor by César Franck, the same piece used as the theme for every episode of Quiet, Please. Critical Reaction Unknown Sender has been well received by the public and the press alike, having garnered positive reviews from such outlets as TV Guide, The McClatchy Company, and tilzy.tv. USA Today in particular hailed the series's ""clever premise"". Episode Guide, Seasons One and Two (through June 2011) 1.1. If You’re Seeing This Tape… – A philanthropist engaged in a bitter divorce prepares a video will. Stars Timothy Dalton, Joanne Whalley, and Stan Freberg as ""Mostly Mozart"" DJ. Tagline: ""Where there’s a will, there’s a widow."" Aired 28 October 2008. 1.2. Beta Test – An overworked and underpaid American IT engineer discovers he is being cheated by a European cartel. Stars Xander Cardinale, Viola Sator, Molly Kohler-Pei, and Michael Butler Murray, with Brian Rodda and Drea Hoffman. Tagline: “It’s not a bug, it’s a feature.” Aired 7 November 2008. 1.3. Slippery Slope – Two sexy actresses appearing in ""Hardwood Pictures'"" latest production have a hidden agenda. Stars Ashley Shultz and Amy Main. Tagline: ""She’s the man, baby."" Aired 11 November 2008. 1.4."
14,14,KEXX,"KEXX may refer to: Davidson County Airport (ICAO code KEXX) KZON, a radio station (103.9 FM) licensed to serve Gilbert, Arizona, United States, which held the call sign KEXX from 2010 to 2016 KEXX, a REXX dialect included with KEDIT"
15,15,Deven Mitchell,"Deven Anthony Mitchell (born October 22, 1984) is an American basketball player for Dinamo București. Mitchell played three seasons collegiate for the Missouri State and played four seasons for CS Gaz Metan Mediaş in Romania. Honours Austrian League MVP (1): 2009 Romanian Cup (2): 2011, 2013 References Category:1984 births Category:Living people Category:American expatriate basketball people in Austria Category:American expatriate basketball people in France Category:American expatriate basketball people in Romania Category:American men's basketball players Category:Basketball players from Missouri Category:Missouri State Bears basketball players Category:Small forwards Category:Sportspeople from St. Louis"
16,16,Masanori Katsumoto,Masanori Katsumoto (born 18 September 1933) is a Japanese equestrian. He competed in two events at the 1964 Summer Olympics. References Category:1933 births Category:Living people Category:Japanese male equestrians Category:Olympic equestrians of Japan Category:Equestrians at the 1964 Summer Olympics Category:Place of birth missing (living people)
17,17,List of best-selling albums of the 2010s in the United Kingdom,"The UK Albums Chart is a music chart compiled by the Official Charts Company (OCC) that calculates the best-selling artist albums of the week in the United Kingdom. Since 2005, the chart has been based on the sales of both physical and digital albums, on the condition that the album was available in both formats. In January 2007, the rules were changed so that legal downloads of all albums, irrespective of whether a physical copy was available, were eligible to chart. Further changes occurred in February 2015 when audio streaming was included for the first time. On 11 December 2019, the OCC announced their list of the top 100 best-selling albums between January 2010 and December 2019. The best-selling album of the decade is Adele's 21, which sold over 5.17 million following its release in January 2011. Adele is also one of two artists to achieve three million-selling albums since 2010 with 19 (released in 2008 but sold over a million copies since 2010), 21 and 25. The other is Ed Sheeran with +, x and ÷. Sheeran is also the only artist to feature in the top 10 three times. Best-selling albums since 2010 Released before 2010; only sales from 2010 onwards included Best-selling debut albums See also List of best-selling albums of the 21st century in the United Kingdom List of best-selling singles of the 2010s in the United Kingdom Notes References 2000s United Kingdom 2000s (UK) Category:British record charts"
18,18,John Rothwell (hurler),"John Rothwell (born 1951 in Blackrock, County Cork) is an Irish former sportsperson. He played hurling with his local club Blackrock and was a member of the Cork minor, under-21 and senior inter-county teams in the late 1960s and early 1970s. References Category:1951 births Category:Living people Category:Blackrock hurlers Category:Cork inter-county hurlers"
19,19,Herpetogramma elongalis,Herpetogramma elongalis is a moth in the family Crambidae. It was described by Warren in 1892. It is found in Taiwan. References Category:Moths described in 1892 Category:Herpetogramma Category:Moths of Taiwan
20,20,Jimmy McEwan,"James McEwan (22 March 1929 – 28 November 2017) was a Scottish professional footballer, who usually played at right wing. He played for Arbroath and Raith Rovers in Scotland before settling in the West Midlands in England playing for Aston Villa and Walsall. Arbroath McEwan started his career with East Craigie in the Scottish Junior Football Association set up in his birth town of Dundee. From there he joined the senior ranks signing for Arbroath in the second tier of the Scottish Football League. At Arbroath he hit what the club's history suggests is the fastest ever goal at their Gayfield stadium, scoring after 10 seconds against Dumbarton on 6 January 1951. He was managed by Arch Anderson and then Alec Cheyne. Raith Rovers In 1951 he moved up a division to join Raith Rovers in the Scottish top flight, a division they stayed in for all of that decade. McEwan and Raith ended their first season together with a fifth-place finish in the league. Raith reached the 1955-56 Scottish Cup semi final. They were eliminated in a replay by Heart of Midlothian who with Dave Mackay went on to beat Celtic in the final. In December of the same year Raith had their decade's most eye-catching single result when they beat Rangers 5–1 in Kirkcaldy. Raith appeared genuine title contenders for part of that season before finishing fourth, their best in McEwan's eight season at the club and their best since 1922. Their league form of that season was matched by a run to the 1956–57 Scottish Cup semi final. Again they were eliminated in a replay by the team who won the trophy, in this case the Falkirk team of Alex Parker. He was top scorer at Raith for three seasons from 1956-59. At different times McEwan played alongside Raith Hall of Famers Willie McNaught, Willie Penman, Willie Polland, Johnny Urquhart and Andy Young. When at Raith, he was selected to play for a Scottish Football League XI against a Scotland XI at Ibrox on 16 March 1959 in a trial match prior to Scotland playing against England at Wembley in the 1958–59 British Home Championship. The league side won 6–5, with McEwan providing a cross for the first of three goals by John White. McEwan was never selected for the full international side, or for the SFL team in an inter-league fixture. He left Raith at the end of that season. Aston Villa Aston Villa bought him in 1959. McEwan helped Villa win the Football League Division Two championship in his first season for promotion to England's top flight. Les Smith's achilles injury ultimately led to his retirement in 1960 opening a place on the team sheet at right wing. Given his chance, McEwan was an important player in attack at Villa teaming up well with Vic Crowe and Bobby Thomson. In one game Villa beat Charlton Athletic 11-1 at Villa Park in November 1959 with all five Villa forwards scoring including five by Gerry Hitchens. That same season Villa reached the 1959-60 FA Cup semi-final. In an all-West"
21,21,Mattenbach,"Mattenbach is a district in the Swiss city of Winterthur. It is district number 7. The district comprises the quarters Deutweg, Gutschick and Endliker. References Category:Winterthur"
22,22,Alexander Wilson (British Army officer),"Major-General Sir Alexander Andrew Wilson KCB (29 October 1858 – 7 July 1937) was a senior British Army officer, Colonel of the Argyll and Sutherland Highlanders and Lieutenant Governor of Jersey between the years 1916 and 1920. Military career Educated at Lancing College, Wilson was gazetted into the Argyll and Sutherland Highlanders in 1879 and served with the regiment through the Anglo-Zulu War of 1879 before being appointed Commandant of Colonial Forces, Western Australia in 1895. Wilson returned from Australia to fight with his regiment during the Second Boer War and was appointed commander of the 1st Battalion after the Battle of Magersfontein in 1899. He served under Sir John Maxwell in the Sinai and Palestine Campaign (World War I) as General Officer Commanding Indian Expeditionary Force E, Canal Defences and was mentioned in dispatches whilst commanding the Suez Canal defences against the Turkish attack through 1915–1916. He was also appointed KCB at around this time. In later life he became Colonel of the Regiment (Argyll and Sutherland Highlanders) and was made Lieutenant Governor of Jersey. He married Jane Leith-Hay Graham, daughter of Robert Graham, 14th of Fintry. Their son Alexander Robert Graham Wilson was commander of the 1st Battalion, Argyll and Sutherland Highlanders. References Category:1858 births Category:1937 deaths Category:British Army personnel of the Anglo-Zulu War Category:British Army personnel of the Second Boer War Category:British Army generals of World War I Category:Knights Commander of the Order of the Bath Category:Argyll and Sutherland Highlanders officers Category:People educated at Lancing College Category:Governors of Jersey Category:British Army generals"
23,23,Ghyaru,"Ghyaru is a village development committee in Manang District in the Gandaki Zone of northern Nepal. At the time of the 2011 Nepal census it had a population of 71 people living in 33 individual households. References Category:Populated places in Manang District, Nepal"
24,24,Roberto Donadoni,"Roberto Donadoni (; born 9 September 1963) is an Italian football manager and former midfielder, who is the current head coach of Chinese club Shenzhen F.C.. A complete, versatile and hard-working winger, known for his pace, stamina, offensive capabilities, distribution and technical skills, Donadoni was capable of playing on either flank, or even in the centre. Donadoni began his career with Atalanta, and he later became a pillar of the powerhouse Milan team of the late 1980s and early '90s, achieving notable domestic and international success during his time with the club. In his later career, he was also one of the pioneers of Major League Soccer, where he played two seasons for the NY/NJ MetroStars, ending his career with Saudi Premier League side Ittihad in 2000. At international level, Donadoni was also an important member of the Italy national team throughout the late 1980s and early '90s. He represented his country at the 1988 and 1996 European Championships, and at the 1990 and 1994 FIFA World Cups. With Italy, he reached the semi-finals of Euro 1988, and won bronze and silver medals at the 1990 and 1994 World Cups respectively. Following his playing career, Donadoni began a career as a manager in 2001, which included spells with Italian clubs Lecco, Livorno and Genoa. He was later appointed head coach of the Italy national team, succeeding Marcello Lippi, who resigned after having won the 2006 World Cup. At Euro 2008, with Donadoni as coach, Italy reached the quarter-finals of the tournament, losing to eventual champions Spain on penalties. On 26 June 2008, Donadoni was dismissed despite having signed a contract extension prior to the beginning of Euro 2008, using a clause in the contract which allowed termination if Italy did not reach the semi-final. He was replaced by Lippi, who returned as national team manager. Following his position as Italy head coach, Donadoni managed Napoli, Cagliari and Parma, until the latter club's bankruptcy in 2015. He then joined Bologna the following season. Club career Atalanta and Milan Donadoni started his career with Atalanta in 1982, winning the Serie C1 title, and the Serie B title in 1984. He joined Milan in 1986 and he became a mainstay in the legendary team that dominated Italy and Europe in the late 1980s and early-to-mid-1990s. Usually playing a right-sided wide midfield role, Donadoni was a vital part of Milan's squad under both Arrigo Sacchi and Fabio Capello, winning six Serie A titles, three European Cups, four Supercoppa Italiana, three European Super Cups, and two Intercontinental Cups during his time at Milan. Although Donadoni failed to win the Coppa Italia with Milan, he reached the final twice, during the 1989–90 and 1997–98 seasons. Donadoni came close to being one of a handful of players to ever die on-field, during the 1989–90 European Cup campaign in a match against Red Star Belgrade. He had his life saved only through the quick-thinking of Red Star's physiotherapist, who broke his jaw to make a passage for oxygen to reach his lungs after he had suffered a bad foul and"
25,25,Forever Breathes the Lonely Word,"Forever Breathes the Lonely Word is the sixth album by English alternative rock band Felt, released in September 1986. This is the first Felt album with no instrumental tracks. The cover photo subject is keyboardist Martin Duffy. The record features Duffy's organ alongside two guitars, one sometimes played by Lawrence. The organ is foregrounded in the mix and creates a vastly new sound for the band. In a 2011 NME feature, Hamish MacBain said of the album that ""Lawrence delivered his masterpiece,"" and described it as ""the first truly classic Creation album."" Track listing All songs written by Lawrence. Personnel Felt Lawrence – vocals, electric guitar Martin Duffy – hammond organ, piano, backing vocals Marco Thomas – bass guitar, guitar Gary Ainge – drums Additional personnel Tony Willé – acoustic and electric guitars, backing vocals Sarah & Yvonne – backing vocals John A. Rivers – production, backing vocals References Category:Felt (band) albums Category:1986 albums Category:Creation Records albums Category:Albums produced by John A. Rivers Category:Albums recorded at Woodbine Street Studios"
26,26,Tellam Balaraju,Tellam Balaraju is an MLA of Polavaram Assembly Constituency in West Godavari district of Andhra Pradesh. Balaraju was first elected as an MLA from Polavaram during 2004 and later in 2009 elections and 2012 bipolls. Then he lost to Modiyam Srinivas of Telugu Desam Party in 2014. He was again elected as a Member of Legislative Assembly in 2019 on behalf of YSR Congress Party. References Category:Year of birth missing (living people) Category:Living people Category:Place of birth missing (living people) Category:Political office-holders in Andhra Pradesh
27,27,The Eye of the Sibyl,"""The Eye of the Sibyl"" is a science fiction short story by American writer Philip K. Dick. It was written sometime around 1975, but not published until 1987 when it was included in volume 5 (subtitled ""The Little Black Box"") of The Collected Stories of Philip K. Dick, and has been reprinted since in other editions of this book such as the U.S. edition The Eye of the Sibyl and Other Stories . This is said to have been Dick's first piece of fiction for publication after his ""2-3-74"" experience that was the basis for his Exegesis, and later the novels VALIS, the posthumously published precursor to VALIS, Radio Free Albemuth, and The Divine Invasion. Eventually rejected by the venue for which it was written, the major points of Dick's 1975 worldview are set forth, in a style reminiscent of his earlier work, and very similar to his treatment of this material in his later books. External links Eye of the Sybil at Internet Speculative Fiction Database Category:1987 short stories Category:Short stories by Philip K. Dick"
28,28,Tycker om dig: Svängiga låtar från förr,"Tycker om dig: Svängiga låtar från förr is a 2008 studio album by Swedish band the Drifters., mostly consisting of cover versions of songs from the 1950s, 60s and 70s. The album peaked at second position at the Swedish albums chart, and in 2009 the album had sold gold. Track listing Charts Personnel Drifters Erica Sjöström – vocals, saxophone Ronny Nilsson – guitar Stellan Hedevik – drums Kent Liljefjäll – bass Arrangement and production: Kent Liljefjäll and Martin Klaman Mastering: Uffe Börjesson, Earhear Photo: Thomas Harrysson A & R: Pär Winberg References Category:2008 albums Category:Drifters (Swedish band) albums Category:Swedish-language albums"
29,29,Tokyo Metropolitan Library,"is the metropolitan public library system for Tokyo, Japan. Libraries The Tokyo Metropolitan Library has two branches. The Hibiya Library, a third branch, was closed on April 1, 2009. The Metropolitan Central Library is located in the Minami-Azabu section of Minato. The library was founded in 1973 at the current location of the central branch. The library is free and open to the public, although not all collections are available to all people at all times. The library also has arrangements with over 300 smaller local public libraries allowing interlibrary lending privileges. The Hibiya Library was located in the Hibiya section of Chiyoda. The Tama Library is located in Tachikawa in Western Tokyo. The library opened in 1987 to relieve municipal libraries. Holdings Although not as deep as the collection of the National Diet Library, The Tokyo Metropolitan Library houses a large collection of books, periodicals, and audio-visual materials. The Central Branch holds 240,000 volumes, including a large collection of rare materials, showcasing over 40,000 documents pertaining to the history of Tokyo (Edo), some of which date back over 400 years. Books are divided by subject - Reference, Social Science, Humanities, Natural Science. Of note is the opening of a ""regional history research center"". The Hibiya Branch holds 130,000 volumes, including 4,000 foreign volumes. It also maintains holdings of over 1,000 different magazine periodicals and nearly 200 different newspapers. Total holdings (including volumes in storage) of the Metropolitan Library are estimated at approximately 1,480,000 volumes. Locations and Access Central Branch: 5-7-13 Minami-Azabu Minato, 106-8575. It is located in the Arisugawa-no-miya Memorial Park. Accessible by foot from Hiroo Station on the Subway Hibiya Line, Azabu-Juban Station on the Subway Namboku Line, and the Azabu-Juban Station on the Toei Subway Oedo Line. (Coordinates: ) Hibiya Branch: 1-4 Hibiya Koen, Chiyoda, 100-0012. Accessible by foot from Kasumigaseki Station on the Subway Hibiya Line, Marunouchi Line, and Chiyoda Line, Shinbashi Station on the JR Yamanote Line, and Uchisaiwaichō Station on the Subway Mita Line. Tama Branch: 6-3-1 Nishiki-cho, Tachikawa, 190-0022. Accessible by foot from Tachikawa Station on the JR Chūō Line and Nishi-Kunitachi Station on the JR Nambu line. (Coordinates: ) See also References External links Tokyo Metropolitan Library English page: http://www.library.metro.tokyo.jp/english/ Online catalog of TML (restricted hours): http://catalog.library.metro.tokyo.jp/winj/opac/search-detail.do?lang=en Category:Libraries in Tokyo Category:Government of Tokyo"
30,30,Prototype filter,"Prototype filters are electronic filter designs that are used as a template to produce a modified filter design for a particular application. They are an example of a nondimensionalised design from which the desired filter can be scaled or transformed. They are most often seen in regard to electronic filters and especially linear analogue passive filters. However, in principle, the method can be applied to any kind of linear filter or signal processing, including mechanical, acoustic and optical filters. Filters are required to operate at many different frequencies, impedances and bandwidths. The utility of a prototype filter comes from the property that all these other filters can be derived from it by applying a scaling factor to the components of the prototype. The filter design need thus only be carried out once in full, with other filters being obtained by simply applying a scaling factor. Especially useful is the ability to transform from one bandform to another. In this case, the transform is more than a simple scale factor. Bandform here is meant to indicate the category of passband that the filter possesses. The usual bandforms are lowpass, highpass, bandpass and bandstop, but others are possible. In particular, it is possible for a filter to have multiple passbands. In fact, in some treatments, the bandstop filter is considered to be a type of multiple passband filter having two passbands. Most commonly, the prototype filter is expressed as a lowpass filter, but other techniques are possible. __TOC__ Low-pass prototype The prototype is most often a low-pass filter with a 3 dB corner frequency of angular frequency ωc' = 1 rad/s. Occasionally, frequency f' ' = 1 Hz is used instead of ωc' = 1. Likewise, the nominal or characteristic impedance of the filter is set to R ' = 1 Ω. In principle, any non-zero frequency point on the filter response could be used as a reference for the prototype design. For example, for filters with ripple in the passband, the corner frequency is usually defined as the highest frequency at maximum ripple rather than 3 dB. Another case is in image parameter filters (an older design method than the more modern network synthesis filters) which use the cut-off frequency rather than the 3 dB point since cut-off is a well-defined point in this type of filter. The prototype filter can only be used to produce other filters of the same class and order. For instance, a fifth-order Bessel filter prototype can be converted into any other fifth-order Bessel filter, but it cannot be transformed into a third-order Bessel filter or a fifth-order Chebyshev filter. Frequency scaling The prototype filter is scaled to the frequency required with the following transformation: where ωc' is the value of the frequency parameter (e.g. cut-off frequency) for the prototype and ωc is the desired value. So if ωc' = 1 then the transfer function of the filter is transformed as: It can readily be seen that to achieve this, the non-resistive components of the filter must be transformed by: and, Impedance scaling Impedance scaling is invariably a"
31,31,A. N. Hartley,"Annie Norah Hartley (1902 – 1994), usually known simply as Norah Hartley, was a dog breeder and the first female board member of the Kennel Club. Early life Hartley was born in Whittlesey, Cambridgeshire, the daughter of a Yorkshire solicitor and businessman who settled in the Fen country and successfully invested into bricks. She had an elder sister and a brother, the novelist L. P. Hartley. The family moved in 1908 to Peterborough. Norah studied at Cheltenham and Oxford University, graduating in literature with honours at the latter. Career As an adult Norah became fond of dogs. Her first dog was a fox terrier called Ray, but afterwards she took a passionate interest in Scottish Deerhounds. Her first deerhound was called Silver Cloud and from then on she became a prolific breeder of the dogs, setting up a successful breeding kennels in Rotherwood. In 1982, she won the hound group at Crufts with her bitch Betsinda, a product of the kennels. Her book on the breed The Deerhound is considered the leading work on the subject by the Deerhound Club, of which she was an active member and served for many years on its committee. External links The Deerhound Club The Kennel Club References Category:1902 births Category:1994 deaths Category:Dog breeders Category:Animal care and training writers Category:Alumni of the University of Oxford Category:People from Whittlesey"
32,32,Joan Albert,"Joan Albert (1943-2012) was an American artist. Her work is included in the collections of the Museum of Modern Art, New York and the Harvard Art Museums. References Category:1943 births Category:2012 deaths Category:American women photographers Category:20th-century American photographers Category:20th-century American women artists Category:21st-century American photographers Category:21st-century American women artists"
33,33,Anil Kumar Tyagi,"Anil Kumar Tyagi (born 2 April 1951), former Vice Chancellor of Guru Gobind Singh Indraprastha University Delhi. Prior to this he is Co-ordinator of UGC- SAP Programme and head of Department of Biochemistry at South Campus of Delhi University and was Vice President of the Society of Biological Chemists, India from the year 2004 to 2006. Awards and Distinctions J.C. Bose Fellowship (2010). Vigyan Gaurav Samman Award from CST, UP Government. (2010). Vice President, Society of Biological Chemists (India) from 2004–2006. Ranbaxy Research Award, 1999. Dr. Nitya Anand Endowment Lecture Award of INSA, 1999. Shanti Swarup Bhatnagar Prize for Science and Technology in Medical Science, 1995. P.S. Sarma memorial award of the Society of Biological Chemists (India), 1993. Dr. Kona Sampath Kumar prize of the University of Delhi, 1983. Fellow of the National Academy of Science, Indian Academy of Science and Indian National Science Academy. C.R. Krishnamurthy Memorial Oration Award by CDRI, Lucknow (2007) Prof. S.H. Zaidi Oration Award by ITRC, Lucknow (2005) Dr. Kona Sampath Kumar prize by the University of Delhi (1983) Fellow of the Society for Immunology and Immunopath Membership to professional associations/societies Member of Guha Research Conference Life Member of the Society of Biological Chemists Life Member of Indian Society of Cell Biology Life Member of Association of Microbiologists of India Publication Communalism and ramakatha in historical perspective Women Workers In Ancient India References Category:1951 births Category:Living people Category:University of Delhi faculty Category:Recipients of the Shanti Swarup Bhatnagar Award in Medical Science"
34,34,"Andrea Mandorlini (footballer, born 1991)","Andrea Mandorlini (born 14 February 1991) is an Italian former professional footballer who played as a midfielder. Career Youth career Mandorlini started his career at Ascoli Calcio 1898. He received his single national team call-up to 2005 Christmas Youth Tournament (). Mandorlini joined Ascoli Allievi U17 team directly in 2006–07 season. Mandorlini spent 2008 to 2011 in the reserve league for Ascoli, which the last season was on loan from Vicenza. Ascoli–Vicenza swap On 29 June 2010, one day before the closure of 2009–10 financial year (on 30 June 2010), Ascoli and Vicenza made a swap deal, which saw Ivan Reali moved to Ascoli Piceno and Mandorlini moved to Vicenza. Both players were ""valued"" €800,000 and both clubs bought back 50% registration rights for half of the price (€400,000). Mandorlini signed a 4-year contract, costing Vicenza €200,000 a year as amortization (the way to book the transfer fee in capital accounts). The deal made both club had an immediately financial boost and speculative investment Mandorlini was immediately returned to Ascoli reserve in temporary deal. In June 2011 Mandorlini was sold to Vicenza outright, in exchange with Reali for the same price (€400,000). Lega Pro loans In mid-2011 Mandorlini left for Giacomense, rejoining former Ascoli ""team-mate"" Tanaglia. Mandorlini played most of the game as sub. On 1 July 2012 Vicenza terminated the contract of Mandorlini. Footnotes References External links Football.it Profile Category:Italian footballers Category:Ascoli Calcio 1898 F.C. players Category:L.R. Vicenza Virtus players Category:A.C. Giacomense players Category:Serie C players Category:Association football midfielders Category:1991 births Category:Living people"
35,35,Governor's Cup,"The Governors' Cup or Governor's Cup can refer to: Professional sports Governors' Cup, the baseball trophy awarded to the champion club of the International League Governor's Cup (Florida), awarded to the victor of the season series between the Tampa Bay Lightning and Florida Panthers hockey teams Governor's Cup Stakes, a Standardbred horse race alternating between racetracks in the United States and Canada Governor's Cup (Missouri), awarded to the victor of the Kansas City Chiefs and St. Louis Rams of the National Football League Governor's Cup (Texas), awarded to the victor of the Houston Texans and Dallas Cowboys of the National Football League Governor's Cup, the original name of the Nigerian FA Cup, the national football (soccer) cup in Nigeria Governor's Cup, an International Junior Match Racing Regatta in Newport Beach, California hosted by the Balboa Yacht Club Governor's Cup, an off-shore yacht race (and the first prize) between Cape Town and Saint Helena island PBA Governors' Cup, a basketball tournament held in the Philippines islands College sports Governor's Cup, the name of the Mississippi State–Ole Miss baseball rivalry since 2007 Governor's Cup (Alaska), an ice hockey series hosted annually by Alaska and Alaska Anchorage Governor's Cup (Kansas), awarded to the victor of the football game between the Kansas State Wildcats and University of Kansas clubs Governor's Cup (Kentucky), awarded to the victor of the football game between the Kentucky Wildcats and University of Louisville clubs Governor's Cup (Massachusetts), awarded to the victor of the Commonwealth Classic basketball game between the Boston College and University of Massachusetts Amherst teams Governor's Cup (New York), an ice hockey tournament hosted annually by Union College and Rensselaer Polytechnic Institute Governor's Cup (Rhode Island), awarded to the victor of the football game between the Brown University and University of Rhode Island teams Governor's Cup, awarded to the victor of the football game nicknamed Clean, Old-Fashioned Hate between Georgia Institute of Technology and the University of Georgia Governor's Cup, awarded to the victor of the men's soccer game between University of Wisconsin–Madison and University of Wisconsin–Milwaukee Indiana National Guard Governor's Cup, for several varsity sports between Indiana University and Purdue University Other Governor's Cup (academics), an academic tournament in the state of Kentucky Governor's Cup, awarded to the team cooking the best cuisine at the International Bar-B-Q Festival in Owensboro, Kentucky"
36,36,Abbott State Forest,"Abbott State Forest is a protected area located in Concord, New Hampshire, on the west side of Lake View Drive. It is bordered to the east, across Lake View Drive, by Penacook Lake water supply land. Abbott State Forest was reported to be producing white spruce seed in 1982. See also List of New Hampshire state forests References Category:New Hampshire state forests Category:Concord, New Hampshire"
37,37,Abe Munro,"Henry Gordon ""Abe"" Munro (8 December 1896 – 21 November 1974) was a New Zealand rugby union player. A hooker, Munro represented and at a provincial level. He was a member of the New Zealand national side, the All Blacks, on their 1924 tour of New South Wales and 1924–25 tour of Britain, Ireland, France and Canada. On those tours, he played nine matches for the All Blacks, but did not appear in any internationals. References Category:1896 births Category:1974 deaths Category:Rugby union players from Invercargill Category:New Zealand rugby union players Category:New Zealand international rugby union players Category:Canterbury rugby union players Category:Otago rugby union players Category:Rugby union hookers Category:University of Canterbury alumni Category:University of Otago alumni Category:New Zealand engineers"
38,38,Howard Bay (designer),"Howard Bay (May 3, 1912– November 21, 1986, New York City) was an American scenic, lighting and costume designer for stage, opera and film. He won the Tony Award for Best Scenic Design twice. Career Howard Bay was born in Centralia, Washington to parents who were teachers; his father was an art teacher, his mother an English teacher. Over 50 years he designed the sets and lighting, as well as occasionally the costumes, for some 105 Broadway plays and musicals as well as operas and television shows. Bay designed sets for the Federal Theatre Project in New York City, for four operas for the National Orchestral Association, performed at Carnegie Hall, 1939–40 and for the operas Capriccio and Natalya Petrovna for the New York City Opera, 1965. Bay first designed the sets for Broadway for the play Chalk Dust in 1936. In the field of musicals, he designed, among others, sets and lighting for Show Boat (1946), The Music Man (1957) and Finian's Rainbow (1955 [sets], 1960). He designed the original sets, lighting and costumes for Man of La Mancha in 1965 and all revivals. For dramas, for example, he designed the sets and lighting for The Little Foxes (1967), My Mother, My Father and Me (1963), and Toys in the Attic (1960). For television he was the Art director for the Fred Waring Show, CBS, 1953–55; Somerset Maugham Theatre, CBS and NBC, 1954–56, and Mr. Broadway, CBS, 1964. He worked on the films The Exile (1947) and Up in Central Park (1948), as the production designer. He taught theater arts at Brandeis University for 14 years. Bay was president of United Scenic Artists for many years. Personal He married Ruth Jonas on November 23, 1932 and they had two children, Ellen and Timothy. He died of a myocardial infarction in 1986. Awards and nominations Tony Award Best Scenic Design - Cry for Us All (nominee) (1970) Tony Award Best Costume Design - Man of La Mancha (nominee) (1966) Tony Award Best Scenic Design - Man of La Mancha (winner) (1966) Tony Award Best Scenic Design (Play) - Toys in the Attic (winner) (1960) References External links Howard Bay designs and technical drawings, 1934-1985, held by the Billy Rose Theatre Division, New York Public Library for the Performing Arts Category:1912 births Category:1986 deaths Category:Drama Desk Award winners Category:Tony Award winners Category:American scenic designers"
39,39,Jackson Park (Chicago),"Jackson Park is a 500-acre (2 km²) park located at 6401 South Stony Island Avenue in the Woodlawn community on the South Side in Chicago, Illinois. It extends into the South Shore and Hyde Park nearby neighborhoods, bordering onto Lake Michigan and several other South Side neighborhoods. Named for Seventh President Andrew Jackson, it is one of two Chicago Park District parks with the name ""Jackson"", the other being Mahalia Jackson Park for the gospel music singer in the Auburn Gresham community on the far southwest side of Chicago. The parkland was first developed as the host site of the World's Columbian Exposition (Chicago World's Fair) in 1893, memorialized today by the Statue of The Republic. The Museum of Science and Industry resides in the remaining ""palace"" in the park from the Fair era, and a Japanese garden traces its history to the Fair. The park includes woodland trails, playing fields, a beach, a golf course, and a boat harbor. It is the potential future site of the Barack Obama Presidential Center and library. History Site of a World's Fair After the state legislature created the South Park Commission in 1869, the designers of New York's Central Park, Frederick Law Olmsted and Calvert Vaux, were hired to lay out the park (which included the Midway Plaisance and Washington Park). Lois Willie explained in her book Forever Open, Clear, and Free, ""Olmstead said Jackson Park should be water oriented, with a yacht harbor, winding walkways around the lagoons, small bridges, bathing pavilions, and plenty of space for boating."" However, their designs were not put into place at that time, and Jackson Park remained untouched until Chicago was chosen to host the World's Fair several years later. One of the landmarks that recalls the 1893 Columbian Exposition is the Statue of The Republic, only it is now a replica one-third the size of the original The Republic statue. The designers used the Statue of Liberty as inspiration when they were creating the original. Today the 1/3 size statue of The Republic stands at the site of the 1893 Expositions Administration Building. Known originally as ""South Park"", the landscape had eastern and western divisions connected by a grand boulevard named the Midway Plaisance. The eastern division became known as ""Lake Park""; however, in 1880 the commission asked the public to suggest official names for both the eastern and western divisions. The names ""Jackson"" and ""Washington"" were proposed. In the following year, Lake Park was renamed ""Jackson Park"" to honor Andrew Jackson (1767–1845), the seventh president of the United States. In 1890, Chicago won the honor of hosting the World's Columbian Exposition. In 1891, Jackson Park was selected as its site. Olmsted and Chicago's architect and planner, Daniel H. Burnham, with his partner John Wellborn Root, laid out the fairgrounds. A team of architects and sculptors created the ""White City"" of plaster buildings and artworks in Beaux-Arts style. The historic World's Fair opened to visitors on May 1, 1893. It was Root's last project, as he caught pneumonia and died in January 1891, two years before"
40,40,Power (Tower of Power album),"Power is a studio album by Tower of Power released in 1987 on the A&M Records-distributed Cypress Records label. It was released a year earlier with additional and/or different songs in Europe under the title T.O.P. (not to be confused with their 1993 album of the same name). This was the only album to feature vocalist Ellis Hall, a protégé of Ray Charles, who also plays keyboards and rhythm guitar. Hall was unique to TOP as he is thus far the only blind lead vocalist of the group. It also marked the final departure of original guitarist Willie Fulton, and the return of original bassist Francis ""Rocco"" Prestia. It also marks the debut of trumpeter Lee Thornburg, saxophonist Richard Elliot, and drummer Mick Mestek. Track listing US Version SIDE ONE Baby's Got the Power Credit Some Days Were Meant for Rain Boys Night Out SIDE TWO Ball and Chain Through Lovers' Eyes Count On Me On the One* Up Against Yourself* European Version as T.O.P. SIDE ONE Baby's Got the Power Ball and Chain Heartbreak in the Makin'** You Ought to Be Havin' Fun (1986 Version)** Boys Night Out SIDE TWO Credit Through Lovers' Eyes Some Days Were Meant for Rain Doggin' at the Cathouse** Count On Me (*) US Version only (**) European Version only Trivia ""Credit"" was one of the songs from the Dinosaur Tracks sessions. T.O.P. re-recorded it for this album. Also on the European version, they re-record their 1976 song ""You Ought to Be Havin' Fun"" which was originally released on Ain't Nothin' Stoppin' Us Now. Personnel Ellis Hall - lead vocals, keyboards, rhythm guitar Emilio Castillo - tenor saxophone, backing vocals Stephen ""Doc"" Kupka - baritone saxophone Greg Adams - trumpet, flugelhorn, backing vocals Francis Rocco Prestia - bass guitar Willie Fulton - lead guitar, backing vocals Lee Thornburg - trumpet, flugelhorn, vocals (lead on ""Ball And Chain"") Richard Elliot - alto saxophone, tenor saxophone, lyricon Mick Mestek - drums Stanley Benders - percussion on ""On The One"" Maxayn Lewis, Marilyn Scott, Patty Unatis- background vocals on ""On The One"" Category:1986 albums Category:Tower of Power albums"
41,41,Not Without Love,"Not Without Love is the second studio album from CCM musician Jimmy Needham. It was released on August 19, 2008 through Inpop Records in the United States. The album's lead single ""A Breath or Two"" was released prior to the album, and reached No. 11 on Christian contemporary hit radio. Musical style Similar to his last album, Speak, Jimmy Needham has frequently been compared to Jason Mraz in musical style, as well as John Mayer and Marc Broussard. Not Without Love'''s main genre is alternative CCM, although Needham takes influence from other styles such as rock and blues with a ""jazzy pop"" sound. Lyrics The lyrical songwriting in Not Without Love has often been noted as having ""clever wordplay"" similar to pop/jazz musician Jason Mraz. Needham was newly married when writing the album, and two songs were written about his wife Kelly Needham. ""Firefly"" is a lighthearted, ""ragtime style"" song about marriage, while ""Unfailing Love (Kelly's Song)"" is a ballad that Needham sang at his wedding, originally written as a proposal to Kelly. Promotion and release In promotion of the album, Not Without Love's first single, ""A Breath or Two"", was released to radios in mid-2008. The album was subsequently released on August 19, 2008 in the U.S. under the Inpop label. It debuted at number 8 on both the Christian AC Soundscan and Overall Christian Digital charts. Later in the year, Needham guested on Christian rock band BarlowGirl's Million Voices Tour along with Brooke Barrettsmith; the tour began on September 12 in Houston, Texas, and ran until mid-November 2008. ""A Breath or Two"" also garnered success, reaching #13 on R&R's Christian CHR radio chart by the week of September 4, and reached a peak of at least #11 through early 2009. The album's second single, ""Forgiven and Loved"", was released early in the year near the same time. Reception Not Without Love'' received generally positive reviews from critics. AllMusic reviewer Jared Johnson noted that Jimmy Needham ""stepped up his game"" with his second release, having better production quality than his debut album; Johnson claimed that ""Christian music lovers need a lot more like this"". Track listing References Category:2008 albums Category:Jimmy Needham albums Category:Inpop Records albums"
42,42,PRSD,"PRSD may refer to: The Social Democrat Radical Party in Chile, also known as Partido Radical Socialdemócrata Education Peace River School Division in Alberta, Canada Pearl River School District in Pearl River, New York, USA Pentucket Regional School District in West Newbury, Massachusetts, USA Pinelands Regional School District in Tuckerton, New Jersey, USA Pine-Richland School District in Richland Township, Pennsylvania, USA"
43,43,USS Woodrow R. Thompson,"USS Woodrow R. Thompson has been the name of more than one United States Navy ship, and may refer to: USS Woodrow R. Thompson (DE-451), a destroyer escort scheduled for construction during World War II but cancelled on 6 June 1944 USS Woodrow R. Thompson (DD-721), a destroyer launched in 1946 but never completed Category:United States Navy ship names"
44,44,Harold Hewitt (trade unionist),"Harold Hewitt (12 April 1899 – 15 November 1968) was a British trade unionist and politician. Born in Stoke-on-Trent, Hewitt entered the pottery industry and joined the National Society of Pottery Workers (NSPW) when he was 15. He later moved to work in Scotland, remaining with the NSPW, where he became branch secretary, then district secretary and eventually full-time district organiser and a member of the executive council. In 1947, Hewitt was elected as the general secretary of the NSPW, relocating back to Stoke. He also served as a Labour Party member of Stoke-on-Trent City Council, as a magistrate, on the Midland Regional Board for Industry and the board of the North Staffordshire University College. The NSPW offered lower membership rates to women, but also paid lower benefits to them. Hewitt justified this, claiming that women in the industry did ""not have the same responsibilities"" as men. Hewitt was elected to the General Council of the Trades Union Congress in 1952, and that year was also made an Officer of the Order of the British Empire. He retired in 1964, and died four years later. References Category:1899 births Category:1968 deaths Category:Councillors in Staffordshire Category:General Secretaries of the Ceramic and Allied Trades Union Category:Labour Party (UK) councillors Category:Members of the General Council of the Trades Union Congress Category:People from Stoke-on-Trent Category:Trade unionists from Staffordshire"
45,45,Henry Barnett,"Henry Barnett is the name of: Henry Barnett (banker) (1815–1896), English MP Henry Walter Barnett (1862–1934), Australian photographer and filmmaker Henry J. M. Barnett (1922–2016), Canadian medical researcher"
46,46,Omer N. Custer,"Omer Nixon Custer (December 25, 1873 – October 17, 1942) was an American politician, newspaper editor, and businessman. Life Born in Fayette County, Pennsylvania, Custer moved to Galesburg, Illinois where he owned the Galesburg Register-Mail newspaper. He was also president of the Galesburg National Bank and of the telephone company. Custer was a Republican. He served as Illinois Treasurer from 1925 to 1927 and 1929 to 1931. As time went on Omer Custer expanded his business enterprises in many fields of endeavor. The 1930-1931 edition of ""Who's Who in America"" included Custer, listed as the president of the First Galesburg National Bank, Purington Paving Brick Company, Western Illinois Ice Company, Hotel Custer Company; publisher of the Galesburg Register-Mail; and director of the Intra State Telephone Company, Illinois Light and Power Company, Galesburg Overall Company, Beatrice Creamery Company, and Western Investment Company. He was a member of the Masons, Elks, Rotary, Hamilton Club and Chicago Rod and Gun Club. He was also a trustee of Lombard College. Death Custer died in Galesburg, Illinois of a heart attack on October 17, 1942. His estate was valued at $1,169,704. Notes Category:1873 births Category:1942 deaths Category:People from Fayette County, Pennsylvania Category:People from Galesburg, Illinois Category:Businesspeople from Illinois Category:Editors of Illinois newspapers Category:Illinois Republicans Category:State treasurers of Illinois Category:Journalists from Pennsylvania Category:Journalists from Illinois"
47,47,Hydrophis brooki,"Hydrophis brookii is a species of venomous sea snake. Etymology The specific name, brookii, is in honor of British adventurer James Brooke. Geographic range H. brookii is found in the Indian Ocean (Malaysia, Vietnam, western Indonesia: Sumatra, Java, Kalimantan) and the Gulf of Thailand. References Further reading Boulenger GA (1896). Catalogue of the Snakes in the British Museum (Natural History). Volume III., Containing the Colubridæ (Opisthoglyphæ and Proteroglyphæ) ... London: Trustees of the British Museum (Natural History). (Taylor and Francis, printers). xiv + 727 pp. + Plates I-XXV. (Hydrophis brookii, pp. 282–283). Günther A (1872). ""On the Reptiles and Amphibians of Borneo"". Proc. Zool. Soc. London 1872: 586-600 + Plates XXXV-XL. (Hydrophis brookii, new species, p. 597, Figure 5). Kharin VE (1983). ""[A new species of the genus Hydrophis sensu lato (Serpentes, Hydrophiidae) from the North Australian Shelf ]"". Zoologicheskii Zhurnal 62 (11): 1751–1753. (in Russian). Kharin VE (2004). ""[A review of sea snakes of the genus Hydrophis sensu stricto (Serpentes, Hydrophiidae)]"". Biologiya Morya (Vladivostok) 30 (6): 447–454. (in Russian). Category:Sea snakes Category:Reptiles described in 1872"
48,48,List of Oricon number-one singles of 1976,"The highest-selling singles in Japan are ranked in the Oricon Singles Chart, which is published by Oricon Style magazine. The data are compiled by Oricon based on each singles' physical sales. This list includes the singles that reached the number one place on that chart in 1976. Oricon Weekly Singles Chart References Category:1976 in Japanese music Japan Oricon Category:Lists of number-one songs in Japan"
49,49,Tromakton,"Tromakton () is a Greek dance that usually precedes or follows a Tik. It is a fast dance which has a distinct double bounce which becomes more vigorous as the dance goes on. It is usually played before Atsiapat or Serra, because it has similar steps and it is like an introduction for these dances. See also Greek dances Greek music Category:Greek dances Category:Greek music"
50,50,Pui Pui (crocodile),"Pui Pui () is a female crocodile captured in Shan Pui River (山貝河) in Hong Kong on 10 June 2004 by the Agriculture, Fisheries and Conservation Department (AFCD) officers of Hong Kong. She was first transferred to Kadoorie Farm and Botanic Garden before being moved permanently to the Hong Kong Wetland Park on 15 August 2006. Fame and capture The saltwater crocodile has become a local celebrity since being spotted at Shan Pui River, Yuen Long on 2 November 2003. After several weeks of unsuccessful attempts by Australian crocodile hunter John Lever, and months of effort on the part of mainland Chinese experts to capture it, the reptile was trapped by Hong Kong's AFCD staff on 10 June 2004. The crocodile saga aroused wide public interest in wetland and wildlife conservation in Hong Kong. Name After a territory-wide naming contest with 1,600 entries, the crocodile was named ""Pui Pui"" – ""the precious one"", which is also a reference to Shan Pui River where it was found. In captivity She spent two years at Kadoorie Farm while her permanent home at the Hong Kong Wetland Park was being constructed. She moved to her home on 15 August 2006. After two weeks' observation in the indoor portion of her home, she was moved to the external pool where she could be visited by the public. Speaking after the arrival of the Pui Pui in the Wetland Park, the Hong Kong AFCD Assistant Director Mr Lay Chik-chuen said there was no need for people to rush to the Park to see her, as she was here to stay. ""As a celebrity croc, we believe Pui Pui's exhibition in the Wetland Park will promote public awareness of wetland conservation,"" he said. Hong Kong Wetland Park also sells stuffed crocodiles called ""Pui Pui"" as part of their merchandise. Pui Pui's Home On 29 August 2006 she was moved into her landscaped enclosure and can be easily viewed by the public. Pui Pui's Home was designed to provide the reptile with a healthy and comfortable living environment. The outdoor enclosure is about , of which 70% is pool area. With a maximum depth of one metre, the pool is landscaped with plants to provide sheltered areas, hiding places and basking areas for the reptile. Outdoor facilities include infra-red heaters, a heat pad and a weighing scale. Water in the pool is continuously circulated through a filtration system. Age and size Pui Pui was estimated to be about 4 years-old when she was captured in 2004, therefore suggesting that she was born in 2000. Measuring and weighing when she moved to her permanent home in August 2006, Pui Pui will grow to three metres when fully matured. The 72-square-meter outdoor enclosure in the Hong Kong Wetland Park is designed to accommodate her as she grows larger. Popular culture In October 2004 a bilingual children's book ""The Crocodile who wanted to be famous"" which is based on the life of Pui Pui was published by Sixth Finger Press and attracted widespread interest in both the Chinese and English media. References"
51,51,Richard Wilson (Irish politician),"Richard Wilson (died 20 February 1957) was an Irish politician and farmer. He was first elected to Dáil Éireann at the 1922 general election as a Farmers' Party Teachta Dála (TD) for the Kildare–Wicklow constituency. He was re-elected at the 1923 general election, this time representing the Wicklow constituency. He lost his seat at the June 1927 general election and was an unsuccessful candidate at the September 1927 general election. He was elected to the Seanad of the Irish Free State in 1928 as a Cumann na nGaedheal and later Fine Gael member. He remained a member until it was abolished in 1936. References Category:Year of birth missing Category:1957 deaths Category:Farmers' Party (Ireland) TDs Category:Irish farmers Category:Members of the 3rd Dáil Category:Members of the 4th Dáil Category:Members of the 1928 Seanad Category:Members of the 1931 Seanad Category:Members of the 1934 Seanad Category:People of the Irish Civil War (Pro-Treaty side) Category:Politicians from County Wicklow Category:Cumann na nGaedheal senators Category:Fine Gael senators"
52,52,Keith Marzullo,"Keith Marzullo is the inventor of Marzullo's algorithm, which is part of the basis of the Network Time Protocol and the Windows Time Service. In August 1, 2016 he became the Dean of the University of Maryland College of Information Studies after serving as the Director of the NITRD National Coordination Office. Prior to this he was a Professor in the Department of Computer Science and Engineering at University of California, San Diego. In 2011 he was inducted as a Fellow of the Association for Computing Machinery. Research RAMP (Reliable Adaptive Multipath Networks) GriPhyN (Master-worker computation in a wide-area network) MURI (Dependent failure models & Collaborative backup for withstanding network catastrophes) Mobility (Fault-tolerance for mobile agents & personal computational grids) Publications 1999 Walfredo Cirne and Keith Marzullo. The computational Co-op: Gathering clusters into a metacomputer. Proceedings 13th International Parallel Processing Symposium and 10th Symposium on Parallel and Distributed Processing (IPPS/SPDP 1999). IEEE Computer Society 1999, pp. 160–6. Los Alamitos, CA, USA. Meng-Jang Lin and Keith Marzullo. Directional gossip: gossip in a wide area network. Dependable Computing - EDDC-3. Third European Dependable Computing Conference. Proceedings (Lecture Notes in Computer Science Vol.1667). Springer-Verlag. 1999, pp. 364–79. Berlin, Germany. Chanathip Namprempre, Jeremy Sussman, and Keith Marzullo. Implementing causal logging using OrbixWeb interception. Proceedings of the Fifth USENIX Conference on Object-Oriented Technologies and Systems (COOTS'99). USENIX Assoc. 1999, pp. 57–67. Berkeley, CA, USA. Dag Johansen, Keith Marzullo, and Kåre Lauvset. An approach towards an agent computing environment. Proceedings. 19th IEEE International Conference on Distributed Computing Systems. Workshops on Electronic Commerce and Web-based Applications. Middleware. IEEE Computer Society 1999, pp. 78–83. Los Alamitos, CA, USA. Dag Johansen, Keith Marzullo, Fred B. Schneider, Kjetil Jacobsen, and Dmitrii Zagorodnov. NAP: practical fault-tolerance for itinerant computations. Proceedings. 19th IEEE International Conference on Distributed Computing Systems (Cat. No.99CB37003). IEEE Computer Society 1999, pp. 180–9. Los Alamitos, CA, USA. 2000 Meng-Jang Lin, Keith Marzullo and Stefano Massini. Gossip versus deterministically constrained flooding on small networks. In 14th International Conference on Distributed Computing (DISC 2000), Toledo, Spain, 4-6 Oct. 2000), pp. 253–267. Jeremy Sussman, Keith Marzullo and Idit Keidar. Optimistic Virtual Synchrony. In Proceedings 19th IEEE Symposium on Reliable Distributed Systems (SRDS-2000), Nürnberg, Germany, 16-18 Oct. 2000, pp. 42–51. Idit Keidar, Jeremy Sussman, Keith Marzullo and Danny Dolev. A client-server oriented algorithm for virtually synchronous group membership in WANs. In Proceedings 20th IEEE International Conference on Distributed Computing Systems, Taipei, Taiwan, 10–13 April 2000, pp. 356–365. 2001 Lorenzo Alvisi, Thomas Bressoud, Amr El-Khasab, Keith Marzullo, and Dmitrii Zagorodnov. Wrapping Server-Side to Mask Connection Failures. INFOCOMM 2001, Anchorage, Alaska, 22–26 April 2001, pp. 329–337 Vol.1. Kåre J. Lauvset, Dag Johansen and Keith Marzullo, TOS: Kernel Support for Distributed Systems Management, Proceedings of the ACM Symposium on Applied Computing (SAC), Las Vegas, NV, March 2001. Karan Bhatia, Keith Marzullo, and Lorenzo Alvisi, Scalable Causal Message Logging for Wide-Area Environments, European conference on Parallel Computing (Euro-Par), Manchester, UK, August 2001. 2002 Lorenzo Alvisi, Karan Bhatia, and Keith Marzullo, Causality tracking in causal message-logging protocols, Distributed Computing, 15(1):1-15, February 2002 Idit Keidar, Jeremy B. Sussman, Keith Marzullo,"
53,53,David (Bernini),"David is a life-size marble sculpture by Gian Lorenzo Bernini. The sculpture was one of many commissions to decorate the villa of Bernini's patron Cardinal Scipione Borghese – where it still resides today, as part of the Galleria Borghese. It was completed in the course of seven months from 1623 to 1624. The subject of the work is the biblical David, about to throw the stone that will bring down Goliath, which will allow David to behead him. Compared to earlier works on the same theme (notably the David of Michelangelo), the sculpture broke new ground in its implied movement and its psychological intensity. Background Between 1618 and 1625 Bernini was commissioned to undertake various sculptural work for the villa of one of his patrons, Cardinal Scipione Borghese. In 1623 – only yet 24 years old – he was working on the sculpture of Apollo and Daphne, when, for unknown reasons, he abandoned this project to start work on the David. According to records of payment, Bernini had started on the sculpture by mid–1623, and his contemporary biographer, Filippo Baldinucci, states that he finished it in seven months. David was Scipione Borghese's last commission for Bernini. Even before it was finished, Bernini's friend and protector Maffeo Barberini was elected pope, as Pope Urban VIII. Subject matter The sculpture shows a scene from the Old Testament First Book of Samuel. The Israelites are at war with the Philistines whose champion, Goliath, has challenged the Israelite army to settle the conflict by single combat. The young shepherd David has just taken up the challenge, and is about to slay Goliath with a stone from his sling: David's clothing is typical of shepherd's attire. At his feet lies the armour of Israel's King, Saul, given to David for battle. The armor was shed, as David was unaccustomed to it and he can fight better without. At his feet is his harp, often included as an iconographic device of David in reference to David the Psalmist and being a talented harpist. Influences The biblical David was a popular subject among Renaissance artists and had been treated by sculptors such as Donatello (1440s), Verrocchio (1473-1475) and Michelangelo (1501-1504). Bernini's David, though engaging with these works, differed from them in some significant ways. For one thing, the sculpture is no longer self-contained, but interacts with the space around it. Not since the sculptures of the Hellenistic period, such as the Winged Victory of Samothrace, had sculptures been involved in their surroundings like those of Bernini. A likely source for Bernini's figure was the Hellenistic Borghese Gladiator. The motion of the gladiator preparing to attack is similar to how David is swinging his sling. Another difference lies in the moment that Bernini has chosen to depict. Michelangelo's David differs from those of Donatello and Verrocchio in that it shows David preparing for the battle, rather than victorious afterwards. Bernini, on the other hand, chose to portray David in the act of throwing the stone. This represented a novelty; throwing figures were extremely rare in post-Antiquity sculptures. The motion motif"
54,54,Taube Tennis Center,"The Taube Tennis Center is a tennis facility located on the campus of Stanford University near Palo Alto, California. In addition to hosting the Stanford Cardinal's men's and women's tennis teams, the 17-court facility was the home of the Bank of the West Classic between 1997–2017, a WTA Tour event. The stadium court, Taube Family Tennis Stadium, has a capacity of 2,445 spectators. The facility has hosted many tennis events, including the 1999 Fed Cup final, which saw the United States defeat Russia; four NCAA Women's Tennis Championships; and the first combined NCAA Women's and Men's Tennis Championships in 2006. Since 2008, Taube has also been host to the annual USGO Gay/Lesbian tournament, held every Memorial Day weekend. See The Gay and Lesbian Tennis Alliance. External links Facility's page on GoStanford.com Photo gallery Fed Cup Final September 1999, USA vs Russia Photo gallery 2 Wikimapia Category:Stanford University buildings and structures Category:Stanford Cardinal tennis Category:Tennis venues in California Category:Sports venues in Santa Clara County, California Category:1926 establishments in California Category:Sports venues completed in 1926"
55,55,Broken Ties (1918 film),"Broken Ties is a 1918 silent film starring June Elvidge, Montagu Love, and Arthur Ashley. Ashley also directed the film. It was a William A. Brady World Pictures production. It was marketed as containing ""not one dull moment"". The film was based on Arthur M. Brilant's play The Alibi. The film received generally positive reviews. A write-up in Motography describes it as a tense drama. One aspect of the plot is a father forbidding his son from seeing a young woman believed to have mixed ethnic heritage. Cast June Elvidge as Marcia Fleming Montagu Love as John Fleming Arthur Ashley as Arnold Curtis Pinna Nesbit as Corinne La Force Alec B. Francis as Henry Hasbrook Kate Lester as Signora Lester Arthur Matthews as Signora La Force Frances Miller as Mamma Liza References External links Category:1918 films Category:American silent feature films Category:American films"
56,56,Langemark,"Langemark is a village in the Belgian province of West-Flanders, and a deelgemeente of the municipality of Langemark-Poelkapelle. The village has about 5,000 inhabitants. Besides the village center, there are also three smaller hamlets on the territory, , Bikschote and Saint-Julien/Sint-Juliaan. Written as Langemarck on French, British and German maps, the village is known in military history as the scene (see trench map) of the first gas attacks by the German army in the western front, which marked the beginning of the Second Battle of Ypres in April 1915. Before and during the First Battle of Ypres, the German reserve corps suffered enormous losses: over 10,000 young soldiers (some only 15 years old), led by young officers without practical experience, died without achieving any objective. On 10 November 1914, about 2,000 soldiers died during an attempted breakthrough. One day later, the German Command (Oberste Heeresleitung) published the following communiqué: Westlich Langemarck brachen junge Regimenter unter dem Gesange‚ Deutschland, Deutschland über alles‘ gegen die erste Linie der feindlichen Stellungen vor und nahmen sie. Etwa 2.000 Mann französischer Linieninfanterie wurden gefangengenommen und sechs Maschinengewehre erbeutet. In west Langemarck, youth regiments singing Germany, Germany Above All advanced on front line enemy positions, broke and took them. Approximately 2,000 French line infantry and six machine guns were captured. A popular and enduring myth of heroic self-sacrifice for the nation known as the ""Mythos von Langemarck"" arose from the propagandistic story. For this reason, the Flemish division of the Waffen-SS was named 27th SS Volunteer Division Langemarck. The village was completely destroyed during World War I. There is now a major German war cemetery, the Langemark German war cemetery, (Soldatenfriedhof) in this location, which has about 40,000 burials. Madonna's Pig Madonna is a hamlet of Langemark with about 1000 inhabitants. The movie Madonna's Pig is set in this hamlet, although in reality the movie was shot in Houtem. See also 27th SS Volunteer Division Langemarck Langemarck 1917 Saint Julien Memorial, to Canadian soldiers of World War I Gallery Category:Populated places in West Flanders Category:Populated places in Belgium"
57,57,Saba Qom F.C.,"Saba Qom Football Club () was an Iranian football team based in Qom, Iran. The club was dissolved in 2018. The team is a former part of Saba Battery Club, owned by Saba Battery Co., and was moved to Qom in 2007, although they were formerly registered as a team from Tehran playing at Shahid Derakhshan Stadium of Robat Karim. Saba won the 2005 edition of the Hazfi Cup and the 2005 edition of the Iranian Super Cup. History Mohemmat sazi Football Club () was Iranian football club based in Tehran, Iran. They play in the 2nd Division. Establishment In 1974 a football called Mohemat Sazi was established in Tehran. The team never had any major success and only played in the lower leagues of the Iranian football league system. They came close to making it to Tehran's top football league in the 1980s. In the early 1990s the club was sponsored by a company named Maham. During the later stages of the club's history they were sponsored by Sanam, an electronics company. Takeover In 2002 the club's shares were sold to Saba Battery Company (also known as Niru Company) which is under the control of Iran's Ministry of Defense. Due to the club's greatly improved financial status the team was able to purchase talented players and were promoted to the Iran Pro League in 2004. Domestic Titles 2004–2005 In the first year of participation in Iran Pro League, Saba Battery managed to participate in the AFC Champions League for the first time ever, After becoming champions of the Hazfi Cup under Milan Živadinović. In the 2005 season Saba Battery also won the Iranian Super Cup, defeating Foolad the Iran Pro League champion 4–0. And until 2016 they remained the only team to have the title. 2006–2007 Although Saba Battery did not have a successful year in Iran Pro League, they were competitive in the Hazfi Cup. Saba Battery became Runners-up after losing to Sepahan 4–2 in aggregate, with Mohammad Hossein Ziaei. Since Sepahan became 5th in the Iran Pro League, that meant that Saba Battery won't be going to AFC Champions League. Iran Pro League The team debuted in the Iran Pro League in the 2004–05 season and made the headlines when they signed Iranian legend and FIFA all-time greatest international goalscorer Ali Daei from Persepolis. With the help of Daei the team was able to secure a berth for the Asian Champions League after winning the 2005 Hazfi Cup, however failing to make it out of their group. In the same year Saba won the Iranian Super Cup defeating league champions Foolad 4–0. After the departure of Ali Daei in 2006, Saba signed former Bosnia and Herzegovina international Alen Avdić as his replacement. In 2007 Saba once again made the final of the Hazfi Cup, this time losing 4–0 to Sepahan on aggregate. Move to Qom In 2008 Saba relocated to Qom because the city of Tehran had many football teams with low attendance figures. The team was renamed Saba Qom after the move. Saba was one of the few"
58,58,Leschenaultia bicolor,Leschenaultia bicolor is a species of bristle fly in the family Tachinidae. It is found in North America. References Further reading Category:Exoristinae Category:Articles created by Qbugbot Category:Insects described in 1846
59,59,The Longstones,"The Longstones are two standing stones, one of which is the remains of a prehistoric 'cove' of standing stones, at , close to Beckhampton in the English county of Wiltshire. Two stones are visible, known as 'Adam' and 'Eve' although the latter is more likely to have been a stone that formed part of the Beckhampton Avenue that connected with Avebury. The avenue probably terminated here although it may have extended further to the south west beyond the stones. William Stukeley recorded the site in the eighteenth century when it was only partially destroyed and suggested it extended further although modern excavation and archaeological geophysics have not confirmed this. Adam is the larger of the two stones, weighing an estimated 62 tons, and along with three others formed a four-sided cove. Excavations carried out jointly by the Universities of Leicester, Newport and Southampton University of Southampton in 2000 revealed the socket holes for the other stones which were tightly placed close to Adam. The cove had been open on its south eastern side which faced towards the nearby South Street barrow 130m away. The other stones were destroyed in the post-medieval period by a local landowner. Adam fell over in 1911 and was re-erected (incorrectly) by Maud Cunnington in 1912. Cunnington also found a Beaker inhumation of a middle-aged man buried close by the stone which is considered to postdate the megalith. In 1933 the stones were scheduled as an ancient monument. References Category:History of Wiltshire Category:Archaeological sites in Wiltshire Category:Scheduled Ancient Monuments in Wiltshire Category:Megalithic monuments in England Category:Stone Age sites in England"
60,60,Caitlin Kalinowski,"Caitlin Kalinowski is an American product designer and mechanical engineer. She is the head of hardware at virtual reality technology company Oculus VR. Personal life Caitlin Kalinowski grew up in New Hampshire. She moved to the west coast, and began attending Stanford University to study product design. Her parents were both professors. She lives in San Francisco, California. Kalinowski is involved with various women's and lesbians' technology groups focused on increasing awareness and resources for women in the technology fields. She is on the board of wogrammer, a project focused on sharing interviews of women engineers, and the advisory board of Lesbians Who Tech. Career After three years at Stanford University, Kalinowski left to begin working at OQO, where she worked on the OQO model 02. She later left OQO for Apple, where she worked as a technical lead on the design of laptops in the MacBook product line. While continuing to work half-time at Apple, she returned to Stanford and in 2007 received her bachelor's degree in mechanical engineering. She left Apple to work at Facebook, where she worked on the Facebook Bluetooth Beacon project. After Facebook acquired Oculus VR, Kalinowski joined the company as the head of product design. In 2018 she became the acting head of hardware for Oculus, where she works on the Oculus Go, Santa Cruz prototype, Oculus Rift and the other virtual reality products developed by the company. In 2018 she was listed as one of the most powerful female engineers by Business Insider. She was a featured speaker at WISMP Summit 2018, held in San Francisco on February 3, 2018. References Category:Year of birth missing (living people) Category:Living people Category:Facebook employees Category:LGBT people from New Hampshire Category:Lesbians Category:Stanford University alumni Category:American mechanical engineers Category:Apple Inc. employees Category:American women engineers Category:Engineers from New Hampshire"
61,61,Wrestling at the 2014 Commonwealth Games – Women's freestyle 53 kg,"The women's 53 kg freestyle wrestling competitions at the 2014 Commonwealth Games in Glasgow, Scotland was held on 30 July at the Scottish Exhibition and Conference Centre. Results Results: Bracket Repechage References Category:Wrestling at the 2014 Commonwealth Games Com"
62,62,Temptation (Arash song),"""Temptation"" is a 2005 major hit single by Iranian-Swedish singer Arash featuring Rebecca Zadig and taken from Arash' debut album Arash. The music for ""Temptation"" is from ""Baila Maria"", a Spanish tune recorded by Ishtar Alabina featuring Los Niños de Sara in 1996. ""Temptation"" in its own right has been subject of many covers and in a number of languages. Rebecca Zadig version ""Temptation"" was first recorded by Rebecca Zadig with additional lyrics and rendition vocals featuring Alex, the mononym of Alex Arash Labaf who started his career performing under his mononym Alex. The first version, had English as main vocals by Zadig featuring Alex that interpreted some additional Persian language lyrics. The song was launched with a separate music video that was directed and shot by Alec Cartio Arash version ""Temptation"" was rereleased as a song mainly in Persian language and this time credited Arash as the main vocalist and Rebecca Zadig was reduced to a featuring role with some refrain she sang in English. This release became the definitive version and was Arash's third successful consecutive single after ""Boro Boro"" (that had reached number 1 in Sweden) and ""Tike Tike Kardi"" (that had peaked at number 2 in Sweden). The song credited to Arash made it to number 2 on Sverigetopplistan, the official Swedish Singles Chart, also charting in Germany, Switzerland and Finland. A music video was released with Arash as lead singer. Charts Other versions Russian version ""Vostochniye skazki"" with Blestyaschie In 2006, a Russian language version of the song was made by Arash with the Russian girl group Blestyaschie (Блестящие in Russian). The song titled ""Vostochniye skazki"" (in Russian Восточные сказки, meaning Eastern fairytales) was credited to Blestyaschie featuring Arash. It appeared on Blestyaschie album also titled Vostochniye skazki and released on Partija Russian record label. A separate music video was shot for the single destined for the Russian market. ""Versoeking"" by Hi-5 In 2006, the South African cover boy band Hi-5 covered the song in Afrikaans under the title ""Versoeking"" (meaning temptation in Afrikaans). It was a main single and the title track of the album also titled Versoeking which is the band's follow-up to the Soebat EP (2003) and self-titled Hi-5 (2004). Others In 2015, the Dutch group Wing-Men covered the song in Dutch under the title ""Verleid Mij"". It is the debut single from the group. References Category:2005 singles Category:Arash (singer) songs Category:2005 songs Category:Warner Music Group singles Category:Songs written by Robert Uhlmann (composer)"
63,63,Seize the Day (film),"Seize the Day is a 1986 television film directed by Fielder Cook. It stars Robin Williams, Jerry Stiller and Joseph Wiseman, and is based on the novel of the same name by Saul Bellow, It was broadcast on the PBS ""Great Performances"" series in May 1987. Plot summary The story is set in 1956. After losing his job as a traveling salesman of children's furniture, Tommy Wilhelm leaves Massachusetts for New York City. He is under financial strain because of the financial demands of his wife, from whom he is separated. He moves into the same hotel housing his physician father, Dr. Adler, with who he has a strained relationship. Flashbacks show Tommy's past, how he moved to Los Angeles, changed his name, and tried to become an actor, which failed. His marriage failed because he left his wife, and he is estranged from their two sons. In New York, Tommy becomes involved with Dr. Tamkin, an acquaintance of his father who speculates in the commodities market. He agrees to open an account managed by Tamkin on a 50-50 basis, but Tamkin persuades Tommy to put up most of the money. When prices decline and Tommy wants to cash in the account, Tamkin urges Tommy to remain calm and ""seize the day."" The commodities venture collapses, and he has lost his life savings and cannot even pay his hotel bill. His estranged wife is unsympathetic and his father refuses to help him or even provide emotional support. Tommy tries to find Tamkin, who has vanished. He winds up at a stranger's funeral, where he cries and is mistaken for a mourner. Cast Robin Williams as Tommy Wilhelm Jerry Stiller as Dr. Tamkin Joseph Wiseman as Dr. Adler Richard B. Shull as Rojax David Bickford as Son-in-Law Glenne Headly as Olive Stephen Strimpell as Stockbroker Katherine Borowitz as Margaret John Fiedler as Carl Jo Van Fleet as Mrs. Einhorn Allen Swift as Maurice Venice Production Williams' casting in the role was billed as a sharp departure from his previous comic roles, such as the TV series Mork and Mindy, though he had previously appeared in dramatic roles, including The World According to Garp. Williams described it as ""kind of like a Jewish Greek drama."" The movie was filmed over a thirty-day period in New York City, longer than most television movies on commercial networks at the time but far shorter than the shooting schedule of a feature film. The film was blocked from theatrical release by Williams' management company. The San Francisco Examiner reported that the decision was made because the film was not like the comedies for which Williams was known. Reception Philadelphia Inquirer critic Ken Tucker praised the performances but wrote that the film was ""a little boring in its relentless depression."" The director, he wrote, was ""all too willing to let a scene dawdle, the better to emphasize Tommy's torture."" A San Francisco Examiner critic called the film a ""powerful drama"" and ""remarkably faithful reproduction"" of the Bellow novel, and praised the performances, calling Williams ""first rate."" New York Times"
64,64,Professor Jay,"Joseph Haule (born December 29th 1975), popularly known by his stage name Professor Jay, is a Tanzanian politician, rapper, songwriter and member of the Tanzanian parliament for Mikumi constituency. He is one of the prominent representatives of the ""Bongo Flava"" Tanzanian hip hop subgenre, which mixes elements from both Western hip hop and the Tanzanian tradition (including swahili lyrics as well as an activist attitude towards Tanzanian social issues such as HIV/AIDS, wealth, inequality, and political corruption). Biography He started rapping in 1989 as a member of the group Hard Blasters, best known for their hit ""Chemsha Bongo"" (then he used stage name Nigga J) from their first album, ""Funga Kazi"". Only one year later, they won the title of best hip-hop group in Tanzania. During his solo career which started in 2001, he has released number of hits, including ""Nikusaidiaje"" and ""Zali la Mentali (feat Juma Nature)"". Other songs released by Professor Jay include ""Piga Makofi"" and ""Yataka Moyo"". Just like Mr. II, he is a pioneering Tanzanian MC, who have remained some of the most popular hip hop musicians in Tanzania, despite influx of many new bidders. Also similar to Mr. II and Deepac Braxx from (Kisii County) but who resides in Nairobi Kenya his lyrics often have political messages. In one of his songs he imitates an elder politician and ridicules the fake promises they all mindlessly spew as they are trying to get elected. The song continues with a chorus saying the words ""Ndio Mzee"" which means ""Yes Sir"". This represents the brainwashing of the public as politicians make these false promises over and over. However, after the song was released, the president of Tanzania referenced the lyrics in one of his speeches, which acknowledged the presence of Bongo Flava and the success of Professor Jay's political lyrics. His first album, ""Machozi, Jasho na Damu,"" gained instant recognition for which Professor Jay won several awards. He attained other awards such as the best hip-hop album in Tanzania with his second album, ""Mapinduzi halisi"". Professor Jay's songs include Nikusaidiaje (featuring Ferooz), Nimeamini (featuring Lady Jaydee), Inatosha (featuring Sugu), Vuta raha (featuring Ferooz), Border kwa border (featuring Nazizi), Heka heka za star, Interlude, J.O.S.E.P.H., Nisamehe (featuring Banana), Wapi nimakosea, Una, Hakuna Noma, Jina Langu, Bongo Dar es Salaam, Piga Makofi, Msinitenge, Kikao cha Dharura, Zali la Mentali, Nidivyo Sivyo, Mtazamo (featuring Afande Sele and Solo Thang), Hapo Sawa. Professor Jay is featured by Deepac Braxx (Heavyweight Mc) and Nonini's song ""Kumekucha"" His former group Hard Blasters is set for a comeback in 2009. The new lineup will consist of Professor Jay, Big Willy and Fanani. They will release a new album Politics At the 2015 Tanzanian general elections, Professor Jay successfully vied for Mikumi constituency parliamentary seat for CHADEMA Solo albums Machozi Jasho na Damu 2001 Mapinduzi Halisi 2003 J.O.S.E.P.H 2006 Aluta Continua 2007 Izack mangesho 2014 Kazi Kazi 2016 Awards Won 2004 Tanzania Music Awards (Kilimanjaro Music Awards)- Best Hip Hop Album (""Mapinduzi Halisi"") 2006 Tanzania Music Awards - Best Song (Nikusaidiaje) 2006 Kisima Music Awards - Best Tanzanian"
65,65,Birgit Pörner,Birgit Pörner (born 20 March 1955) is a German volleyball player. She competed in the women's tournament at the 1972 Summer Olympics. References Category:1955 births Category:Living people Category:German women's volleyball players Category:Olympic volleyball players of West Germany Category:Volleyball players at the 1972 Summer Olympics Category:Sportspeople from Hamburg
66,66,Catya Maré,"Catya Maré (pronunciation: catya maree) is a multiple award-winning composer, music producer, classical crossover violinist, visual artist and writer from Germany, now located in California. She received her US green card based on her achievements in the musical field. Maré has performed as a classical violinist since her early childhood, and has done numerous performances at concert halls and major museums, such as National Gallery Berlin, Kunsthaus Zürich, Kunsthallen Brandts, and Kunstmuseet Trapholt. In 2006 she started to compose and produce her own music (Electronic / Pop / World / Celtic new age / Classical crossover). Maré was nominated for the Hollywood Music Award in November 2008 and won the Billboard World Songwriting Contest in February 2009. In November 2009 she won the Hollywood Music in Media Award and in December 2010 the USA Songwriting Competition. October, 2010 she received a US Green Card based on her achievements. In August 2011 Catya Maré´s music video ""Tell Me Why..."" was nominated for the Stay Tuned TV Award / International Television Festival. In 2012, 2013 and 2014, she received additional nominations for the prestigious Hollywood Music in Media Award. At this time Catya Maré is best known for her multiple award-winning new age / classical crossover music compositions; however, she simultaneously has been active as a visual artist and writer her entire life. In September, 2013 she released two poetry books, ""A Silvery Moment"" and ""White Marbles"". Complex, emotionally intriguing and evocative haiku style contemplations. August 28, 2014 Catya Maré released one more instrumental pop / new age / classical crossover music production, titled ""Voce"". This single was composed, produced and performed by Catya Maré, and audio mastered by Matt Forger at Anisound, whose credits include Michael Jackson, Donna Summer, Paul McCartney, Patti Austin, Missing Persons, Michael McDonald, James Ingram, Siedah Garrett, Quincy Jones, Steven Spielberg, John Landis and George Lucas. Life and career Catya Maré was born in Neuss, Germany into a family of professional classical musicians. She performed her first concert as a soloist with a symphony orchestra being only 10 years old. While a young adult she played solo concerts as a classical violinist in the United States, Israel, Scandinavia, Europe and at many festivals including Schleswig-Holstein Musikfestival and Santander Music Festival. Maré has received numerous scholarships (such as Stipendium der Münchner Orchesterakademie, Stipendium der Rotarischen Gesellschaft Hamburg and Konzerte Junger Künstler). She has received her master's degree at the Munich Music Conservatory and held the position of an alternating concertmaster with the Scandinavian symphony orchestra Aarhus Symfoniorkester. In 2005 she became aware of her capability to improvise on her violin. During the following year she did numerous solo violin improv performances at prestigious cultural institutions, such as the National Gallery, Berlin (Germany) and Kunsthaus Zürich (Switzerland). She left the orchestra in 2006 to create / perform her own music (Electronic / Pop / World / Celtic new age / Classical crossover), using her violin as the primary voice. In 2008, Maré relocated to the United States. She released five CDs, Light Longing, which was the result of a collaboration with"
67,67,1973 Sheffield City Council election,"Elections to Sheffield Council were held on 10 May 1973. The first elections to the newly created metropolitan borough council were held on 10 May 1973, with the entirety of the 90 seat council - three seats for each of the thirty wards - up for vote. The Local Government Act 1972 stipulated that the elected members were to shadow and eventually take over from the predecessor corporation on 1 April 1974. The order in which the councillors were elected dictated their term serving, with third-place candidates serving two years and up for re-election in 1975, second-placed three years expiring in 1976 and 1st-placed five years until 1978. Election result This result has the following consequences for the total number of seats on the Council after the elections: Ward results References Category:1973 English local elections 1973 Category:1970s in Sheffield"
68,68,Frederick J. Bliss,"Frederick Jones Bliss (22 January 1859-–3 June 1937) was an American archaeologist. Biography He was born in Mount Lebanon, Syria on 22 January 1859. His father, Daniel Bliss, was first a Congregational missionary and later president of the Syrian Protestant College, the future American University of Beirut. Frederick J. graduated from Amherst College (1880) and then taught at the Syrian Protestant College, thereafter attending Union Theological Seminary. After training under Flinders Petrie in Egypt, Bliss became involved with the Palestine Exploration Fund working in the field of Biblical archaeology at the site of Tell el-Hesi between 1894 and 1897, while concurrently leading an expedition that dug in Jerusalem. Between 1898 and 1900, along with R.A.S. Macalister, Bliss excavated several sites in the Shephelah region of modern Israel, helping to improve the chronology of the region. His excavation reports appeared frequently in the Quarterly Statement of the Palestine Exploration Fund, and included the first jar handle stamped by one of the Hebron LMLK seals (in 1899 simultaneously the first one with a 4-winged icon) as well as the first complete MMST inscription (in 1900). He was dismissed as the head of the Fund in 1900 due to his ill health. After the publication of his and Macalister's Excavations in Palestine in 1902, he was not active in the field. Bibliography External links Frederick J. Bliss in The Palestine Exploration Fund Category:1857 births Category:1939 deaths Category:American archaeologists Category:American expatriates in the Ottoman Empire"
69,69,Bekhudi,"Bekhudi is a 1992 Bollywood film starring Kajol, Kamal Sadanah, Ajay Mankotia, Tanuja, Vijayendra Ghatge and Kulbhushan Kharbanda. The film marked the debut of Kajol. It was also meant to be the debut of Saif Ali Khan, but after completing the first shooting schedule of the film, he was considered to be unprofessional by director Rahul Rawail and was replaced by yet another debutant Kamal Sadanah. Incidentally it was while filming Bekhudi that Khan met actress Amrita Singh, whom he married in October 1991. Bekhudi was produced by Maharukh Jokhi and Rita Rawail, and its music was composed by Nadeem-Shravan. The film did not fare well at the box office. Plot Rohit Gupta (Kamal Sadanah) is a law student and son of Justice Gupta (Kulbhushan Kharbanda). Rohit beats Rocky (Sanjeev Chitre) in a flying device model competition. Radhika (Kajol) is sister of Rocky and she joins the same college in which Rohit and Rocky are student. Rohit and Radhika meets, gets attracted to each other and eventually fall in love. When Rocky is caught cheating in annual exam, he threatens the invigilator and slaps Principal. A case is lodged against Rocky and he is convicted with 7 days jail by Justice Gupta. He is also rusticated from college. The parents (Tanuja) and (Vijayendra Ghatge) hides from Radhika about their son Rocky being jailed. Radhika's aunt (Bua) (Farida Jalal) arrives from Edmonton, Canada and tells Radhika's parents about her wish of marrying Radhika to Vicky (Ajay Mankotia) in Canada. Radhika's father says that nowadays children decide their partner. Radhika tells her Bua that she is still a minor and cannot marry Vicky. Rohit's father and Radhika's father gets to know that their children are in love and agrees to meet at a hotel for their marriage related talks. Ahead of the meeting Rocky physically assaults Justice Gupta at the entrance of the hotel. Justice Gupta returns without meeting Radhika's father. Enraged by the incident, Rohit rushes to the hotel and fights with Rocky. During the fight, Rocky falls from the hotel rooftop despite Rohit's effort to save him. Radhika's parents blames Rohit for the death of their son Rocky and decides to marry Radhika to Vicky. Radhika do not blame Rohit knowing that her brother's death was an accident. On Rohit's continual efforts to meet Radhika, her parents send Radhika to Canada to her Bua. Justice Gupta asks his son Rohit to go to Canada in search of Radhika. Rohit, on reaching Canada, is duped of his luggage by a local crook Rambo (Rajendranath). Rohit and Radhika finds each other in Canada and Radhika runs away from her Bua's house with Rohit. As 10 days were still left for Radhika to become a major (18 years age), Rohit and Radhika searches for a place to hide. Rambo, when caught by Rohit, takes them to a house claiming to be his own. On next morning Rohit and Radhika finds that Rambo has vanished and accidentally they have found shelter in Vicky's house. Vicky tells Rohit and Radhika that they can stay in this house"
70,70,Marguerite Leféron,"Marguerite Leferon, née Galart (d. after 1679), was an accused in the famous Poison Affair. She belonged to the Parisian Bourgeoisie and was the wife of judge Leferon. In 1669, she poisoned her husband with a poison sold to her by La Voisin and married her lover, De Prade. When De Prade proved to be a fortune hunter she decided to murder him as well, which was prevented by his escape. Leferon was arrested during the Poison Affair in 1679. La Voisin, on her way to execution, named her as her client. She was proven guilty, but was still only sentenced to exile from the capital and a fine of 1500 livres. The case against Marguerite Leferon and Françoise de Dreux, as well as that of Marguerite de Poulaillon, attracted attention as they were the first clients and the first members of the upper classes to be implicated in the affair. The light sentences imposed on them, despite their guilt, was considered damaging to the legitimacy of the court. This was obvious proof of class discrimination, as others accused for the same crime in the case, but of a different social class, were sentenced to execution. One example was that of Madame Philbert, who in 1673 murdered her carpenter husband Brunet by poison of Marie Bosse in order to marry her lover, Philippe Rebille Philbert: her crime was identical to that of Leferon, but she was sentenced to hang after having her right hand cut off. References Frantz Funck-Brentano: Princes and Poisoners Or Studies of the Court of Louis XIV H Noel Williams: Madame de Montespan and Louis XIV Anne Somerset - The Affair of the Poisons: Murder, Infanticide, and Satanism at the Court of Louis XIV (St. Martin's Press (October 12, 2003) ) Category:1679 crimes Category:Year of death missing Category:Year of birth missing Category:French female murderers"
71,71,939,"Year 939 (CMXXXIX) was a common year starting on Tuesday (link will display the full calendar) of the Julian calendar. Events By place Europe Hugh the Great, count of Paris, rebels against King Louis IV (""d'Outremer"") and gains support from William I, duke of Normandy. Hugh, along with Herbert II, count of Vermandois, Arnulf I, count of Flanders and William pays homage to King Otto I (ruler of the East Frankish Kingdom), and supports him in his struggle against Louis. July 19 – Battle of Simancas: Caliph Abd-al-Rahman III of Córdoba claims a Jihad ('Holy War') and raises an army of 100,000 men to end the Kingdom of León. He razes the cities of Medina del Campo, Ìscar and Alcazarén (previously abandoned by their population) and finally, reaches the city of Simancas (near modern-day Valladolid), where Christian forces under King Ramiro II wait for him. After three days, Ramiro defeats the Moorish army with an alliance of Castile and Navarre. Abd-al-Rahman orders a retreat along the Duero River, and is almost killed, due, most likely, to treason by Arab elements in the Moorish army. August 1 – Battle of Trans-la-Forêt: Bretons defeat Viking occupiers. August 5 – Battle of Alhandic: Abd-al-Rahman III defeats the garrison of those loyal to Ramiro II at Zamora, in the context of the Spanish Reconquista. October 2 – Battle of Andernach: Otto I crushes a rebellion against his rule, by a coalition of Eberhard III, duke of Franconia, and other Frankish dukes, in Andernach on the Rhine River. Otto prevails, with support from Odo of Wetterau. Eberhard is killed while Gilbert, duke of Lotharingia (or Lorraine) drowns when trying to escape. England October 27 – King Æthelstan dies at Gloucester after a 15-year reign. He is buried at Malmesbury Abbey and succeeded by his half-brother, Edmund I (""the Magnificent""). After Æthelstan's death Olaf Guthfrithson (or his cousin, Anlaf Cuaran) a Viking leader who rules Dublin, is proclaimed king of York (south of Northumbria). Asia Taira no Masakado, a Japanese nobleman, leads one of the largest insurgent forces in the Heian period against the imperial court at Kyoto. Masakado has acquired enough power to govern the Kantō region (northwest of Edo) and calls himself the 'new emperor' (shinnō). Ngô Quyền, who the previous year defeats the Chinese at the Battle of Bạch Đằng (938) thereby regaining Vietnamese independence after 1000 years, becomes king of Vietnam. By topic Religion July 13 – Pope Leo VII dies at Rome after a 3½-year reign. He is succeeded by Stephen VIII as the 127th pope of the Catholic Church. The Major Occultation (or Al-Ghaybah al-Kubra) of Muhammad al-Mahdi occurs (approximate date). Births November 20 – Tai Zong, emperor of the Song Dynasty (d. 997) Fujiwara no Takamitsu, Japanese waka poet (approximate date) Hai Gaon, Jewish theologian and rabbi (d. 1038) Hugh Capet, French king and a descendant of Charlemange (approximate date) Deaths January 21 – Yang Pu, emperor of Wu (b. 900) May 25 – Yao Yanzhang, general of Chu July 13 – Leo VII, pope of the Catholic Church August 29"
72,72,Felix Clewett,"Felix Clewett (10 March 1836 – 13 February 1913) was a member of the Queensland Legislative Council. Early life Clewett was born in Sydney, New South Wales to George Clewett and his wife Ann (née Curtis) and educated at St. James's Grammar School, Sydney. In 1867, Clewett had married Isabella Jane Cox and together they had five children. Politics Clewett was appointed to the Queensland Legislative Council in July 1890 and served for over twenty-two years till his death in February, 1913. Later life He died in 1913, and was buried in Toowong Cemetery. References External links Photo of the late Hon. F. Clewett M.L.C. — biography in the Rockhampton Morning Bulletin Category:Members of the Queensland Legislative Council Category:1836 births Category:1913 deaths Category:Burials at Toowong Cemetery"
73,73,Lists of newspapers,Below are lists of newspapers organized by continent. Africa Asia Europe North America Oceania South America
74,74,Actibacterium,Actibacterium is a bacterial genus from the family of Rhodobacteraceae. References Further reading Category:Rhodobacteraceae Category:Bacteria genera
75,75,Kiesewetter Stradivarius,"The Kiesewetter Stradivarius of circa 1723 is an antique violin fabricated by Italian luthier Antonio Stradivari of Cremona (1644–1737). The instrument derives its name from its previous owner, German composer and violinist Christophe Gottfried Kiesewetter (1777–1827). In 2006, the Stradivari Society brokered an agreement between Clement and Karen Arrison, current owners of the Kiesewetter, and a Grammy-nominated Russian violinist, Philippe Quint. Stipulated in the contract, Quint was to retain possession of the violin for one year in exchange for its US$6,000 insurance premium, the performance of three private recitals for the Arrisons, and regular inspections by The Society's curators. Its latest valuation was US$4 million. The contract was renewed for a second year in May 2007. On 20 April 2008, Quint accidentally left the Kiesewetter in the back of a taxicab in New York City. After numerous phone calls, the violin was found and returned to Quint the next day. The cabdriver, Mohamed Khalil, was presented with a medallion by the City of Newark, the highest honour awarded by the city. Since August 2010, Augustin Hadelich has been playing the Kiesewetter on extended loan from the Arrisons through The Stradivari Society. Provenance Christoph G. Kiesewetter Francis Goldschmidt Charles Fletcher of Bournemouth (ca. 1800) Gary Hart (ca. 1902) Henry Osborne Havemeyer (1905) Horace Havemeyer (1907) Rembert Wurtlitzer Inc. (1953) Dr. Jerome Gross (ca. 1960) Howard Gottlieb (1972) J. & A. Beare (1986) Clement and Karen Arrison (ca. 2000) See also Stradivarius References External links Image of the Kiesewetter, Antonio Stradivari, 1723 Stradivari Society patrons and recipients __NOTOC__ Category:1723 works Category:Stradivari violins"
76,76,Nader Shah's Sword,"Although the inscription on the blade attributes it to Fathali Shah, legend and fact has it as Nader Shah's sword or his All Conquering Sword. The sword is not visible in any of the portraits of Fathali Shah. There is, however, a mural in the Marble Room of the Golestan Palace which shows Mohammad Shah Qajar, the successor to Fathali Shah, wearing the sword while on horseback. Both sides of Nadir Shah's sword handle and hilt are covered in diamonds. The reverse side of the sword and scabbard shows a picture of the Shah on the hilt along with a few lines of verse, and the pictures of two of his sons. References Category:Middle Eastern swords Category:Individual weapons Category:Crown jewels of Iran Category:Iranian folklore"
77,77,Mexican Federal Highway 190,"Federal Highway 190 (Carretera Federal 190) is a Federal Highway of Mexico. Federal Highway 190 is split into two segments: the first segment travels from Tehuantepec, Oaxaca in the east to Puebla City, Puebla in the west. The second segment travels from La Ventosa, Juchitán de Zaragoza Municipality, Oaxaca in the west eastward to Ciudad Cuauhtémoc, Chiapas. Fed. Highway 190's eastern segment ends at a Guatemala-Mexico border crossing at Ciudad Cuauhtémoc. The Pan-American Highway route in southern Mexico continues into Guatemala as Central American Highway 1 (CA-1). References 190"
78,78,2020 Duquesne Dukes football team,The 2020 Duquesne Dukes football team will represent Duquesne University in the 2020 NCAA Division I FCS football season. They will be led by 16th-year head coach Jerry Schmitt and play their home games at Arthur J. Rooney Athletic Field. They play as a member of the Northeast Conference. Schedule References Duquesne Category:Duquesne Dukes football seasons Duquesne Football
79,79,USS Gendreau (DE-639),"USS Gendreau (DE-639) was a in the United States Navy. She was commissioned on 17 March 1944 and decommissioned on 13 March 1948. She served throughout the Pacific during World War II. Canadian-born Captain Elphege A. M. Gendreau (1888–1943) served as Force Surgeon of Battle Force and on the staff of Admiral Chester Nimitz, Commander in Chief, Pacific Fleet. Admiral Nimitz recommended that a ship be named in honor of the surgeon for his dedicated service, after Capt. Gendreau was killed in a dive-bombing attack while on board USS LST-343 in the South Pacific 21 July 1943. Gendreau was laid down on 1 August 1943 by Bethlehem Shipbuilding Co., San Francisco; launched on 12 December 1943, sponsored by Mrs. Josephine Gendreau, widow of Captain E. A. M. Gendreau, with Mrs. Chester W. Nimitz, wife of the Commander in Chief of Pacific Fleet, as matron of honor. Gendreau was commissioned on 17 March 1944, with Lieutenant Commander A. D. Kilmartin in command. Service history Convoy escort After shakedown off the California coast, Gendreau departed San Francisco, California, on 23 May 1944 escorting a convoy to Pearl Harbor, arriving six days later. She trained in Hawaiian waters and got underway on 18 June 1944 on the first of two voyages, escorting convoys between Hawaii and the Marshalls. Convoy duty brought her to Eniwetok again and on 26 July 1944. Gendreau returned to Oahu from the second voyage in time to help welcome President Franklin D. Roosevelt to Hawaii. During an ensuing anti-submarine patrol out of Pearl Harbor, the destroyer escort rescued the pilot and crew of an aircraft which had ditched at sea on 31 July 1944; and nine days later in heavy seas saved a downed fighter pilot. Gendreau departed Pearl Harbor on 8 September 1944, with a convoy for Emirau. On 13 September 1944, she collided with escort carrier while fueling from her in heavy seas; but efficient emergency repairs allowed Gendreau to proceed with the convoy to Emirau before steaming into Manus on 19 September 1944 for repairs. She sailed from the Admiralties on 1 October 1944 and arrived at Port Purvis on Florida Island, in the Solomons, on 4 October 1944. Following intensive training with PT boats at Tulagi, she sailed on 27 October 1944 for the Russell Islands and rendezvoused with a convoy of landing craft bound for New Georgia Island. Departing on 29 October 1944, the group proceeded to Cape Torokina, Bougainville, where the landing craft debarked troops. Gendreau escorted the landing craft back to the Russells on 1 November 1944, and returned to Port Purvis the next day. From 17 February through 20 February 1945, Gendreau was in dry dock, being repaired by its seamen and members of the repair ship . Lieutenant Martin Victor became captain of Gendreau at this time. In March 1945, following three months of escort and ASW duty shuttling between islands of the South Pacific, Gendreau rehearsed for the coming Okinawa invasion after which she escorted landing craft to the Russell Islands and Port Purvis, arriving at Port Purvis on 7 March"
80,80,German conjugation,"German verbs are conjugated depending on their use: as in English, they are modified depending on the persons (identity) and number of the subject of a sentence, as well as depending on the tense and mood. The citation form of German verbs is the infinitive form, which generally consists of the bare form of the verb with -(e)n added to the end. To conjugate regular verbs, this is removed and replaced with alternative endings: Radical: mach- To do; machen I do; ich mache He does; er macht I did; ich machte He did; er machte In general, irregular forms of German verbs exist to make for easier and clearer pronunciation, with a vowel sound in the centre of the word the only part of the word that changes in an unexpected way (though endings may also be slightly different). This modification is often a moving of the vowel sound to one pronounced further forward in the mouth. This process is called the Germanic umlaut. However, a number of verbs including sein (to be) are fully irregular, as in English I am and I was sound completely different. To know; wissen Radical: wiss- wuss- I know; ich weiß or weiss (vowel change; -e missing) (irregular) I knew; ich wusste (vowel change; otherwise regular) To sing; singen I sing; ich singe (regular) I sang; ich sang (vowel change; -te missing) For many German tenses, the verb itself is locked in a non-varying form of the infinitive or past participle (which normally starts with ge-) that is the same regardless of the subject, and then joined to an auxiliary verb that is conjugated. This is similar to English grammar, though the primary verb is normally placed at the end of the clause. Note that in both the examples shown below the auxiliary verb is irregular. I buy the book; Ich kaufe das Buch. I will buy the book; Ich werde das Buch kaufen. She will buy the book; Sie wird das Buch kaufen. I have bought the book; Ich habe das Buch gekauft. She has bought the book; Sie hat das Buch gekauft. The following tenses and modi are formed by direct conjugation of the verb: Present – Präsens Imperfect – Imperfekt or Präteritum Imperative – Imperativ Perfect – Perfekt (past participle, does not vary by subject) Conditional I and II – Konjunktiv Below is a paradigm of German verbs, that is, a set of conjugation tables, for the model regular verbs and for some of the most common irregular verbs, including the irregular auxiliary verbs. German tenses and moods German verbs have forms for a range of subjects, indicating number and social status: First-person singular: 'I'; ich Second-person familiar: 'you' (as used to a friend); du Second-person familiar: 'you' (as used to a friend); Du (possible form in letters, traditionally used for all kinds of addresses) Third person: 'he', 'she', 'it'; (er, sie, es) with the same form for all three First-person plural: 'we'; wir Second-person plural: ihr Second-person polite: 'you'; Sie (which is always capitalised) Third-person plural: 'they'; sie (not capitalised) The subject"
81,81,Kasturi Rangappa Nayaka Fort,"The Kasturi Rangappa Nayaka Fort in Sira in Tumkur district of Karnataka is named after the Nayaka ruler Kasturi Rangappa Nayaka, who had ruled over Sira in the early 17th century as a palegar under the Vijayanagar Empire. After their rule, the fort and the Province of Sira came under the control of several rulers. Restoration works have been carried out by the Archaeology Department of Karnataka. Location The Nayaka Fort is located in the Sira town in Tumkur district of Karnataka. It is located on the NH-4 (Pune – Chennai) and NH-234 (Mangalore – Villupuram). It is from Bengaluru. History History of building the fort is traced to the early 17th century when Nayakas (Kasturi Rangappa Nayaka) ruled over Sira as a fiefdom under the Vijayanagara Empire. He laid the foundation for the Sira town and the fort. The site was selected as auspicious on the basis of a good omen of a hare chasing the hound, a common legend of the times in the building of many forts in India. The foundation of Sira is also based upon this legend. Before the fort was completed, Sira and its fiefdoms were captured by an army sent by the Bijapuri general Randullah Khan. A force led by his subordinate Afzal Khan defeated and killed and the Sira chief Kasturi Rangappa Nayaka. Malik Husen, who was the then made the governor, completed the construction of the fort and also built a mud wall enclosing the town. Sira, according to a time line, was under the reign of Vijayanagara Empire (1638 to 1687), the Adil Shahi of Bijapur Sultanate, the Mughal Empire (1687 to 1757) and Maratha (1757 to 1759 and 1766, the Wadeyars (1799 to 1947) and the British Raj (until 1947). Features The fort, made of stone and bricks, is spread over an area of and has many historic monuments which need to be conserved. The fort was enclosed by a moat and a well-made glacis also formed part of the fortifications. Restoration The restoration works undertaken on the fort by the Archaeological Department of Karnataka, particularly of the ramparts and other works made of stone and bricks were carried out initially with the use of bulldozers. The brick and masonry work were destroyed irretrievably and gun positions had been closed. According to the INTACH expert, international procedures and guidelines prescribed in ASI manuals prescribed for such restoration works had not been followed. However, the local Archaeology Conservation Engineer defending his work said the brick layer (1.5 inches thick) removed was too thin to be retrieved and not available in the market and that the outer layer would be restored with older bricks and the original openings of placement of gun and canons would be restored fully including repair of parapet walls. Following the objections, use of heavy machinery for restoration was stopped. Another issue which was affecting the fort was widening of the National Highway 234. This was resolved by the Government of India by keeping a safe margin of between the fort boundary and the highway. References Category:Forts in Karnataka"
82,82,Hocking Hills,"The Hocking Hills is a deeply dissected area of the Allegheny Plateau in Ohio, primarily in Hocking County, that features cliffs, gorges, rock shelters, and waterfalls. The relatively extreme topography in this area is due to the Blackhand Sandstone (so named because of Native American graphics on the formation near Newark, Ohio), a particular formation that is thick, hard and weather-resistant, and so forms high cliffs and narrow, deep gorges. Component open-space areas Most of the more scenic areas of the region are under state ownership, including: Hocking Hills State Park (with five use areas: Ash Cave, Cedar Falls, Old Man's Cave, Rockhouse, and Cantwell Cliffs) Hocking State Forest Conkle's Hollow State Nature Preserve Sheick Hollow State Nature Preserve (entry by permit only) Little Rocky Hollow State Nature Preserve (entry by permit only) Kessler Swamp State Nature Preserve Lake Logan State Park Wayne National Forest Rockbridge State Nature Preserve The core area also includes two privately owned preserves, Crane Hollow and Camp Oty-Okwa (owned by Big Brothers and Big Sisters of Central Ohio). The geological series that forms the Hocking Hills extends south and west, gradually diminishing but still forming impressive bluffs and gorges in: Clear Creek Metro Park, part of the Columbus and Franklin County Metropolitan Park District Rising Park in Lancaster Wahkeena Memorial State Nature Preserve in Fairfield County Christmas Rocks State Nature Preserve in Fairfield County Rhododendron Cove State Nature Preserve in Fairfield County Shallenberger State Nature Preserve in Fairfield County Saltpetre Cave State Nature Preserve in Hocking County Boch Hollow State Nature Preserve (exposure is along the westernmost edge only) in Hocking County Lake Katharine State Nature Preserve in Jackson County Blackhand Gorge State Nature Preserve in Licking County Liberty Wildlife Area in Jackson County The Buckeye Trail, along with the North Country Trail and the American Discovery Trail, passes through the Hocking Hills region. Also nearby are: Lake Hope State Park Zaleski State Forest Camp Wyandot Tar Hollow State Park Tar Hollow State Forest Camp Akita (UCC church camp) Climate The region has mild weather with an average rainfall of 40.3 inches per year and an average of about 175 sunny days per year. The average July high is 84.8 degrees Fahrenheit and the average January low is 19.3 degrees Fahrenheit. History The region was first settled by Christian Eby and was named from a shortened version of the Hockhocking River by the Shawnee Indian tribe. ""Hockhocking"", in the Delaware tongue, signifies a bottle. The Shawnee people thought that a very narrow and straight creek above the waterfall on the Hockhocking River resembled a bottle's neck. Other notable settlers were George Starkey and Moses Dolson. The first election on county matters was held in Eby's mill near Queer Creek. The first post office in the area was called the ""Rockhouse"" and was located in Herschel Badford's home. Hocking County formation Hocking County was formed on March 1, 1818, from Ross, Athens, Fairfield and Logan. The county's boundaries and townships have not been altered since 1851. Due to its natural surroundings, it has become a tourist attraction. Outdoor"
83,83,We Shall Overcome (disambiguation),"""We Shall Overcome"" is a protest song of the Civil Rights Movement. We Shall Overcome may also refer to: We Shall Overcome (Pete Seeger album), an album by Pete Seeger We Shall Overcome (Bernie Sanders album), an album by Bernie Sanders We Shall Overcome: The Seeger Sessions, a studio album by Bruce Springsteen We Shall Overcome: Sacred Song On The Devil's Tongue, a book by Isaias Gamboa about the history of the song ""We Shall Overcome"" We Shall Overcome (Danish: Drømmen), a 2006 Danish film"
84,84,Stefano Cusumano,"Nuccio Cusumano (born Stefano Cusumano; October 16, 1948) is an Italian politician whose most recent political appointment was to the Italian Senate (April 26, 2006 – April 28, 2008) on the roster of the UDEUR party as one of thirty representatives for the Campania constituency. Born in Sciacca (Sicily), he holds a law degree and has worked as an entrepreneur and as a journalist. In the course of his political career, he has held several government positions, including that of Undersecretary of State for the Treasury (then headed by Carlo Azeglio Ciampi) during the premiership of Massimo D'Alema, between 1998 and 1999. In 1994, as a member of the Italian People's Party (PPI), he helped then-Prime Minister Silvio Berlusconi survive a vote of confidence. He was one of four PPI senators who, against the instructions of their party, physically left the Senate room, rendering the house without a quorum. In 1999, while a junior Treasury Minister, he was arrested under allegations of corruption in relation to construction contracts for a hospital in Sicily. In 2007, the court in Catania exonerated him completely. On 24 January 2008, in the 2008 Italian political crisis, Cusumano supported Prime Minister Romano Prodi in a confidence vote, again against the instructions of his party, UDEUR. Another UDEUR senator, Tommaso Barbato, launched into a vicious verbal attack and had to be restrained from physically attacking Cusumano, who appeared to faint and was carried out of the house. Expelled from UDEUR because of his decision, he joined the Democratic Party. As a candidate in the April 2008 elections, he was not re-elected. References External links Personal page on Italian Senate website Category:1948 births Category:Living people Category:People from Sciacca Category:Presidents of the Province of Agrigento Category:Christian Democracy (Italy) politicians Category:20th-century Italian politicians Category:Italian People's Party (1994) politicians Category:Union of Democrats for Europe politicians Category:Democratic Party (Italy) politicians Category:21st-century Italian politicians Category:Senators of Legislature XI of Italy Category:Senators of Legislature XII of Italy Category:Deputies of Legislature XIV of Italy Category:Senators of Legislature XV of Italy Category:Italian journalists Category:Italian male journalists"
85,85,Platydema ellipticum,Platydema ellipticum is a species of darkling beetle in the family Tenebrionidae. References Further reading External links Category:Tenebrionidae Category:Beetles described in 1798
86,86,F.A.M.E. (song),"""F.A.M.E."" (abbreviation for Fake Ass Motherfuckers Envy) is a song by American hip hop recording artist Young Jeezy, released on October 11, 2011, as the third single from his fourth studio album Thug Motivation 103: Hustlerz Ambition (2011). The song features fellow Atlanta-based rapper T.I. and was produced by production team J.U.S.T.I.C.E. League, who sampled ""Air for Life"" as performed by Above & Beyond with Andy Moor as well as ""You and Love are the Same"" as performed by The Grass Roots. Music video On November 16, 2011, behind-the-scenes footage of the music video was released. The music video, directed by Lance Drake, was released on November 18, 2011. Charts Release history References Category:2011 singles Category:T.I. songs Category:Young Jeezy songs Category:Songs written by T.I. Category:Songs written by Jeezy Category:Song recordings produced by J.U.S.T.I.C.E. League Category:Songs written by Erik Ortiz Category:Songs written by Kevin Crowe"
87,87,Swinging Atwood's machine,"The swinging Atwood's machine (SAM) is a mechanism that resembles a simple Atwood's machine except that one of the masses is allowed to swing in a two-dimensional plane, producing a dynamical system that is chaotic for some system parameters and initial conditions. Specifically, it comprises two masses (the pendulum, mass and counterweight, mass ) connected by an inextensible, massless string suspended on two frictionless pulleys of zero radius such that the pendulum can swing freely around its pulley without colliding with the counterweight. The conventional Atwood's machine allows only ""runaway"" solutions (i.e. either the pendulum or counterweight eventually collides with its pulley), except for . However, the swinging Atwood's machine with has a large parameter space of conditions that lead to a variety of motions that can be classified as terminating or non-terminating, periodic, quasiperiodic or chaotic, bounded or unbounded, singular or non-singular due to the pendulum's reactive centrifugal force counteracting the counterweight's weight. Research on the SAM started as part of a 1982 senior thesis entitled Smiles and Teardrops (referring to the shape of some trajectories of the system) by Nicholas Tufillaro at Reed College, directed by David J. Griffiths. Equations of motion The swinging Atwood's machine is a system with two degrees of freedom. We may derive its equations of motion using either Hamiltonian mechanics or Lagrangian mechanics. Let the swinging mass be and the non-swinging mass be . The kinetic energy of the system, , is: where is the distance of the swinging mass to its pivot, and is the angle of the swinging mass relative to pointing straight downwards. The potential energy is solely due to the acceleration due to gravity: We may then write down the Lagrangian, , and the Hamiltonian, of the system: We can then express the Hamiltonian in terms of the canonical momenta, , : Lagrange analysis can be applied to obtain two second-order coupled ordinary differential equations in and . First, the equation: And the equation: We simplify the equations by defining the mass ratio . The above then becomes: Hamiltonian analysis may also be applied to determine four first order ODEs in terms of , and their corresponding canonical momenta and : Notice that in both of these derivations, if one sets and angular velocity to zero, the resulting special case is the regular non-swinging Atwood machine: The swinging Atwood's machine has a four-dimensional phase space defined by , and their corresponding canonical momenta and . However, due to energy conservation, the phase space is constrained to three dimensions. System with massive pulleys If the pulleys in the system are taken to have moment of inertia and radius , the Hamiltonian of the SAM is then: Where t is the effective total mass of the system, This reduces to the version above when and become zero. The equations of motion are now: where . Integrability Hamiltonian systems can be classified as integrable and nonintegrable. SAM is integrable when the mass ratio . The system also looks pretty regular for , but the case is the only known integrable mass ratio. It has"
88,88,Helia (moth),"Helia is a genus of moths in the family Erebidae. The genus was erected by Jacob Hübner in 1818. Species Helia agna (Druce, 1890) Helia albibasalis (Schaus, 1914) Helia argentipes (Walker, 1869) (syn: Helia digna (Felder and Rogenhofer, 1874)) Helia bilunulalis (Walker, 1865) (syn: Helia yrias (Felder and Rogenhofer, 1874)) Helia calligramma Hübner, 1818 (syn: Helia albirena (Walker, 1865), Helia amoena (Walker, 1865), Helia subnigra (Schaus, 1912)) Helia carbonalis Guenée, 1854 Helia celita (Schaus, 1912) Helia compacta (Felder and Rogenhofer, 1874) Helia cymansis Hampson, 1924 Helia dentata (Walker, 1865) Helia erebea (Schaus, 1914) Helia exsiccata (Walker, 1858) (syn: Helia aezica (Druce, 1890), Helia caliginosa (Walker, 1865)) Helia extranea (Walker, 1865) (syn: Helia dives (Walker, 1865), Helia frontalis (Walker, 1865)) Helia hermelina (Guenée, 1852) (syn: Helia anguinea (Felder and Rogenhofer, 1874), Helia cruciata (Guenée, 1852), Helia diversa (Walker, 1865)) Helia homopteridia (Schaus, 1912) Helia lampetia Druce, 1890 Helia mollealis (Walker, 1858) (syn: Helia discalis (Walker, 1862)) Helia serralis Mabille, 1880 Helia subjuga (Dognin, 1912) Helia vitriluna (Guenée, 1852) References Category:Omopterini Category:Moth genera"
89,89,Heard County School District,"The Heard County School District is a public school district in Heard County, Georgia, United States, based in Franklin. It serves the communities of Centralhatchee, Corinth, Ephesus, Franklin, Glenn, and Houston. Schools The Heard County School District has three elementary schools, one middle school, and one high school. Elementary schools Centralhatchee Elementary School Ephesus Elementary School Heard Elementary School Middle school Heard County Middle School High school Heard County High School References External links Heard County School District Category:School districts in Georgia (U.S. state) Category:Education in Heard County, Georgia"
90,90,Kevin Bookout,"Kevin Bookout (born March 16, 1983) is an American professional basketball player. Born in Stroud, Oklahoma, he played collegiately with the University of Oklahoma Sooners. While with the Sooners, Bookout scored 1,018 points and pulled in 682 rebounds. While at Oklahoma, he also participated on the track team, making the NCAA finals in the shot put. He played professionally after his senior season with the Rio Grande Valley Vipers, scoring 41 points and grabbing 41 rebounds in 9 games with the team. References External links Player Profile @ ESPN.com Profile @ scout.com Profile @ NewsOK.com Category:1983 births Category:Living people Category:Basketball players from Oklahoma Category:Oklahoma Sooners men's basketball players Category:Track and field athletes from Oklahoma Category:Parade High School All-Americans (boys' basketball) Category:People from Lincoln County, Oklahoma Category:Power forwards (basketball) Category:Rio Grande Valley Vipers players Category:American men's basketball players"
91,91,Kenji Tomura,"Kenji Tomura (戸村 健次, born August 20, 1987 in Hidaka, Saitama) is a Japanese professional baseball pitcher for the Tohoku Rakuten Golden Eagles in Japan's Nippon Professional Baseball. External links NPB.com Category:1987 births Category:Japanese baseball players Category:Living people Category:Nippon Professional Baseball pitchers Category:Rikkyo University alumni Category:Baseball people from Saitama Prefecture Category:Tohoku Rakuten Golden Eagles players"
92,92,Větruše,"Větruše or Ústí nad Labem (), formerly known by its German name Aussig, is the 7th-most populous city of the Czech Republic. It is the capital of its eponymous region and district. Ústí is situated in a mountainous district at the confluence of the Bílina and Elbe rivers. It is a major industrial center and, besides being an active river port, is an important railway junction. Name The name of Ústí nad Labem is formed from the Old Czech (""river mouth"") and (the River Elbe). It thus literally means ""Mouth-upon-the-Elbe"", in reference to its location at the Bilina's confluence with the Elbe. It is popularly known as Ústí for short. The Czech name was Latinized as and Germanized as or . Before Czechoslovak independence amid the dissolution of Austria-Hungary following the First World War, the town was usually known in English as Aussig, but sometimes also referred to as Aussyenad, Labem, or Oustí nad Labem. History Ústí nad Labem was mentioned as a trading centre as early as 993. In the second half of the 13th century, King of Bohemia invited German settlers into the country and granted them a German form of municipal incorporation, thereby founding the city proper. In 1423, as King of Bohemia, Sigismund pledged the town to Elector Frederick I of Meißen, who occupied it with a Saxon garrison. It was besieged by the Hussites in 1426: a German army of was sent to its relief but the besiegers defeated them amid great slaughter on 16 June; the next day, they stormed and razed the town. It was left derelict for three years before rebuilding began in 1429. Ústí was again burned down in 1583 and was sacked by the Swedes in 1639 amid the Thirty Years' War. It also suffered grievously during the Seven Years' War and was near the 1813 Battle of Kulm between France and the alliance of Austria, Prussia, and Russia during the Napoleonic Wars. As late as 1830, its population was only 1400. As part of the Kingdom of Bohemia, it was eventually incorporated into Austria and heavily industrialized over the 19th century. After the Compromise of 1867, it headed the Aussig District, one of Austrian Bohemia's 94 District Commissions (). In the 1870s, with only people, it was a major producer of woolen goods, linen, paper, ships, and chemicals and carried on a large trade in grain, fruit, mineral water, lumber, and coal. By 1900, large-scale immigration had boosted the population to nearly , mostly German, and added glassworking and stone to its trades. The local river port became the busiest in the entire Austro-Hungarian Empire, surpassing even the seaport in Trieste. The factories of Aussig—as it was then known—were an early center of the National Socialism (""Nazi"") movement. The German Workers' Party in Austria () was founded on 15 November 1903 and later gave rise to the Sudeten German Party and Austrian National Socialism. Their books continued to be printed in Ústí even after the formation of Czechoslovakia in 1918. During the 1930 census, Ústí nad Labem was home to residents:"
93,93,Revenge (1989 film),"Revenge (, literally ""Revenge"", also known as The Reed Flute) is a 1989 Soviet drama film directed by Ermek Shinarbaev and written by Anatoli Kim. It was screened in the Un Certain Regard section at the 1991 Cannes Film Festival. The film was restored in 2010 by the World Cinema Foundation at Cineteca di Bologna /L’Immagine Ritrovata Laboratory and released as Revenge. Plot The film is divided into 8 segments, each entailing part of the story. Prologue Set at the Korean royal court of the Kingdom of Joseon in the seventeenth century, the Emperor makes his rounds on the grounds of his palace, he witnesses his son and heir wrestling with another young boy. After losing, the prince runs to his father in tears. Somewhat irritated by his son’s loss, the Emperor asks his chief war advisor to present him the kingdom’s strongest warrior. Once introduced, the Emperor strips the warrior of his rank and title and tasks him with training the prince for 20 years in order to make a warrior out of him. Years later, the prince has become Emperor and considers himself a great warrior. His friend, the boy he wrestled with as a child, has become a poet and part of the Emperor’s staff. As they make their rounds on the palace grounds, the Emperor and the Poet discuss the punishment of a soldier who had the misfortune of training with the Emperor and knocking him to the ground. Despite the soldier leaving the final blow incomplete, the Emperor has chosen to punish him. The Poet attempts to persuade the Emperor to grant the soldier clemency but the Emperor doesn’t yield. Noting that his beloved friend is unhappy with his choice, the Emperor tries to lighten the mood by having the Poet recite his works. Instead, the Poet begs the Emperor to allow him to leave the palace. The Emperor allows it but banishes the Poet from ever returning. The Poet walks away into the desert. Tale 1: Yan In a small Korean town in 1915, a group of young children are educated in a barn by a strict instructor, Yan. Losing his patience with the children, he takes his anger out on a young girl, scaring her into a corner of the barn and using a scythe to murder her. After realizing his error, Yan goes into hiding. News of the girl’s murder reaches her parents and the girl’s father, Tsai, vows revenge. Tale 2: Tsai Tsai asks a friend to tend to his land while he sets off on a ten-year journey to kill the murderous instructor, who has fled to China. Finally catching up to Yan at a barn, Tsai’s plan to use the same scythe used to murder him is thwarted when a healer interrupts, allowing Tsai to be defeated by a fellow tenant at the establishment. Yan escapes and Tsai returns home. His wife suggests he take for himself a concubine to have another child, in order to groom the child to take charge of avenging their murdered daughter. Tale 3: The Mute"
94,94,1839 in archaeology,"1839 in archaeology Explorations John Lloyd Stephens and Frederick Catherwood explore the Maya ruins of Copan. Excavations English archeologist A. H. Layard begins excavations of Nineveh. First excavation of Roman villa at Rudston in the East Riding of Yorkshire, England. First excavation of Roman villa at Oplontis in Italy begins. Publications Births January 4 - Carl Humann, German archaeologist (d. 1896) July 12 - Jean Baptiste Holzmayer, German archaeologist (d. 1890) Deaths August 28 - William Smith, English geologist (b. 1769) Juan Galindo, Irish-born Central American soldier, governor and explorer (b. 1802) See also List of years in archaeology References Archaeology Category:Archaeology by year Archaeology Archaeology"
95,95,PZInż 403 Lux-Sport,"PZInż 403 Lux-Sport was a car designed by the Państwowe Zakłady Inżynieryjne (PZInż). History In 1934 the Państwowe Zakłady Inżynieryjne started work on a Polish luxury car for government officials that would replace foreign automobiles. The project was led by Kazimierz Studzinski, and in five months the car was designed and a chassis was complete. The car was of a simple, yet modern construction designed by Alexsander Rummel and Mieczysław Dębicki based on a central frame of two C-profiled beams. The car was called the Lux-Sport (or L-S) and had a completely independent suspension and used very long torsion bars as springing elements. The number of produced prototypes is not known, but at least one complete prototype, and one chassis for exhibitions were built. The PZInż 403 could have entered production in the 1940s, but the plans were abruptly stopped by the outbreak of World War II. Though the prototype did not survive the war, the chassis was found after the war on a scrapyard. Today it is in the Museum Techniki in Warsaw. Specifications Pzinż 405 V8 engine, 3,8 l (3888 cm³), 96 HP at 3600 rpm, compression ratio 6.5:1 water-cooled 4-speed manual, electromagnetic planetary gearbox ""Cotal"" (similar to the modern Fiat Selespeed) 12V electrical system Fully independent double wishbone suspension on each of four wheels, with height regulation from within the cabin Top speed: 135 km/h Weight: 1200 kg References External links Picture and history (en) Article about Lux-Sport with photos (pl) Category:Cars of Poland Category:1930s cars"
96,96,Loqueffret,"Loqueffret () is a commune in the Finistère department of Brittany in north-western France. Located south of the monts d ' Arrée, in the eastern part of the Armorique regional natural park, it is a small rural village, former home of the Pilhaouers. Covering 2 770 hectares, the commune had in 2006 of 406 inhabitants. Served by a dense drainage network, it presents two distinct part geographical entities and other sandstone of the monts d ' Arrée domes: northern slopes covered wildfires down towards Lake Saint-Michel, South of the slopes in crops or afforested, more conducive to agricultural soils. ""The parish church, the chapel of the cross and the Manor of du Rusquec remain important heritage sites, while the quality and variety of natural sites, paths and panoramas favour activities related to tourism rural Population Inhabitants of Loqueffret are called in French Loqueffretois. See also Communes of the Finistère department Parc naturel régional d'Armorique Loqueffret Parish close References INSEE Mayors of Finistère Association External links Official website French Ministry of Culture list for Loqueffret Category:Communes of Finistère"
97,97,"Óscar Duarte (footballer, born 1950)","Óscar Vicente Martins Duarte (born 5 December 1950 in Praia), known simply as Óscar, is a former Portuguese footballer who played as midfielder. He earned his only cap for the Portugal national football team on 8 March 1978, playing the last 12 minutes of a 2–0 friendly defeat to France at the Parc des Princes in place of fellow debutant José Alberto Costa. External links Stats at Eu-Football Category:1950 births Category:Living people Category:Sportspeople from Praia Category:Portuguese footballers Category:Portugal international footballers Category:Cape Verdean footballers Category:Portuguese people of Cape Verdean descent Category:Association football midfielders Category:Primeira Liga players Category:G.D. Estoril Praia players Category:FC Porto players Category:Boavista F.C. players Category:Associação Académica de Coimbra – O.A.F. players Category:S.C. Farense players"
98,98,Einstein radius,"The Einstein radius is the radius of an Einstein ring, and is a characteristic angle for gravitational lensing in general, as typical distances between images in gravitational lensing are of the order of the Einstein radius. Derivation In the following derivation of the Einstein radius, we will assume that all of mass M of the lensing galaxy L is concentrated in the center of the galaxy. For a point mass the deflection can be calculated and is one of the classical tests of general relativity. For small angles α1 the total deflection by a point mass M is given (see Schwarzschild metric) by where b1 is the impact parameter (the distance of nearest approach of the lightbeam to the center of mass) G is the gravitational constant, c is the speed of light. By noting that, for small angles and with the angle expressed in radians, the point of nearest approach b1 at an angle θ1 for the lens L on a distance DL is given by , we can re-express the bending angle α1 as ..... (Eqn. 1) If we set θS as the angle at which one would see the source without the lens (which is generally not observable), and θ1 as the observed angle of the image of the source with respect to the lens, then one can see from the geometry of lensing (counting distances in the source plane) that the vertical distance spanned by the angle θ1 at a distance DS is the same as the sum of the two vertical distances and . This gives the lens equation which can be rearranged to give ..... (Eqn. 2) By setting (eq. 1) equal to (eq. 2), and rearranging, we get For a source right behind the lens, , and the lens equation for a point mass gives a characteristic value for θ1 that is called the Einstein angle, denoted θE. When θE is expressed in radians, and the lensing source is sufficiently far away, the Einstein Radius, denoted RE, is given by . Putting and solving for θ1 gives The Einstein angle for a point mass provides a convenient linear scale to make dimensionless lensing variables. In terms of the Einstein angle, the lens equation for a point mass becomes Substituting for the constants gives In the latter form, the mass is expressed in solar masses ( and the distances in Gigaparsec (Gpc). The Einstein radius is most prominent for a lens typically halfway between the source and the observer. For a dense cluster with mass at a distance of 1 Gigaparsec (1 Gpc) this radius could be as large as 100 arcsec (called macrolensing). For a Gravitational microlensing event (with masses of order ) search for at galactic distances (say ), the typical Einstein radius would be of order milli-arcseconds. Consequently, separate images in microlensing events are impossible to observe with current techniques. Likewise, for the lower ray of light reaching the observer from below the lens, we have and and thus The argument above can be extended for lenses which have a distributed mass, rather"
99,99,Splendor in the Grass (1981 film),"Splendor in the Grass is a 1981 American made-for-television drama film directed by Richard C. Sarafian. The film is a remake of the 1961 film of the same name, written by William Inge and starring Natalie Wood and Warren Beatty. Plot The film takes place in the pre-Depression era in Kansas. Deanie Loomis and Bud Stamper are a high school couple, being pressured by the enforced rules. Especially Deanie's old fashioned mother is against their relationship, warning her daughter he only wants to sleep with her. She fears her daughter will eventually go all the way with him, after which he will lose his respect for her. Meanwhile, Bud wants to have sex with his girlfriend and is frustrated she is determined to wait. Not wanting to wait his entire teen life, he considers sleeping with one of the promiscuous girls of the town. He is unhappy at home and is fighting all the time with his father Ace, who wants his son to go to Yale University, but Bud is more interested in settling down with Deanie and owning a ranch. Meanwhile, Deanie is driven mad by her mother and is on the edge of a nervous breakdown. The film also focuses on Ginny, Bud's younger sister who uses her looks to get what she wants. At one moment, Deanie, who is seeing a psychiatrist to work on her mental problems, finds out Bud is cheating on her. Cast Melissa Gilbert as Wilma Dean 'Deanie' Loomis Cyril O'Reilly as Bud Stamper Ned Beatty as Ace Stamper Eva Marie Saint as Mrs. Loomis Michelle Pfeiffer as Ginny Stamper Todd Elliot as Bill Brown Gail Rice as Terry Smith Macon McCalman as Del Loomis Richard McKenzie as Doc Smiley Jim Youngs as Alan 'Toots' Tuttle Nicholas Pryor as Dr. Judd Toni Kalem as Angelina Graham Jarvis as Dean Pollard Doran Clark as Juanita Howard K Callan as Miss Metcalf Ally Sheedy as Hazel David James Carroll as Johnnie Masterson Peter Jason as Coash Gigi Vorgan as June Lenora May as Kay Richard Young as Brian Stacey Gary Dubin as Rusty David Underwood as Jack Merritt Butrick as Glenn Background Melissa Gilbert was initially set to star in the remake of Miracle on 34th Street, which also starred Natalie Wood. In 1981, she landed in the role of Deanie Loomis, a remake of a 1961 film, starring Wood. It was one of her first 'meaty roles'. Gilbert, only a 17-year-old by the time, started dating co-star Cyril O'Reilly while filming. She eventually lost her virginity to him on the last day of filming. The film was received with mixed reviews and it was much criticized for remaking the film scene for scene. The New York Times criticized the plot, for having no conclusions. The critic praised the performances of both Gilbert and O'Reilly and called the direction of Richard C. Sarafian 'sensitively unobtrusive'. Gilbert was nominated for a Young Artist Award in the category 'Best Young Actress in a Television Special'. She lost the award to Dana Hill for her portrayal of a lonely"
100,100,Erigeron petiolaris,"Erigeron petiolaris is a species of flowering plant in the daisy family. It is native to northern and central Asia (Siberia, Xinjiang, Kazakhstan, Uzbekistan). Erigeron petiolaris a perennial herb up to 28 cm tall, with a short rhizome. It produces flower heads one at a time or in groups of 2 or 3, each head containing pink or white ray florets and yellow disc florets. The species grows in arctic or alpine regions on rocky slopes. References petiolaris Category:Flora of Asia Category:Plants described in 1906"
101,101,Timeline of women's basketball,"1881–1890 1885 Formation of the Association for the Advancement of Physical Education 1891–1900 1891 James Naismith, born in Almonte, Ontario, invents basketball while teaching at a school now known as Springfield College 1892 Senda Berenson reads about Dr. Naismith's new game, and with modified rules, introduces the game to Smith College students. First inter-institutional game between the University of California, Berkeley and Miss Head's School. 1893 Clara Gregory Baer introduces (as it was written at the time) to Sophie Newcomb College (now part of Tulane University) 1894 RULE Change—Dribbling and guarding another player prohibited 1895 Clara Gregory Baer writes the first book of rules for women's basketball. The first public women's basketball game in the South is played at a men's only club, the Southern Athletic Club. 1896 First intercollegiate contest between the University of California, Berkeley and Stanford was held on April 4, 1896. Stanford won, 2–1. 1897 First recorded women's basketball game in Australia, played in Victoria, using wet paper bags for baskets. First women's high school game between Austin High and Oak Park. Won by Austin 16–4. 1899 Senda Berenson publishes the first issue of Basketball Guide for Women, which she would edit and update for eighteen years. These rules, with minor modifications, would remain in use until the 1960s. Stanford abolishes intercollegiate competition of women. (The players formed an independent club team). 1901–1910 1904 Stanford rescinds the prohibition against intercollegiate competition of women. 1906 Women's basketball featured on the cover of the Saturday Evening Post 1911–1920 1913 RULE Change—A single dribble is permitted as long as it bounces knee-high 1914 RULE Change—Half-court play is allowed. 1915 The Edmonton Grads, then known as the Commercial High School basketball team, won the Intercollegiate Basketball League. They would go on to play as the Grads, with a record of 502–20 between 1915 and 1940. James Naismith would go on to refer to them as ""the finest basketball team that ever stepped out on a floor"". 1916 RULE Change—Coaching from sidelines prohibited during game, except for halftime 1918 RULE Change—The bottom of the basket is removed. Substitutes allowed for first time (but cannot re-enter game). The bounce pass is allowed 1921–1930 1921 Basketball played for perhaps the first time in Europe at the 1921 Women's Olympiad 1926 The Amateur Athletic Union sponsored the first-ever American national women's basketball championship. 1927 RULE Change—Players must wear a number on the back 1931–1940 1932 RULE Change—guarding another player first allowed FIBA, the International Basketball Federation, is formed in Geneva. 1936 RULE Change—the first time a guard, called a ""rover"" was allowed to play the entire court The All American Red Heads Team a barnstorming professional team was formed. They would go on to tour the country for 50 years, playing men's team using men's rules. 1938 RULE Change—The court is now divided into two sections, rather than three. Team size remains six players each. 1941–1950 1947 RULE Change—Players must wear a number on the front and the back 1949 Hazel Walker became the first woman to own a professional basketball team, the Arkansas Travelers. RULE"
102,102,Rue Saint-Maur (Paris Métro),"Rue Saint-Maur () is a station on Paris Métro Line 3, located in the 11th arrondissement of Paris. Location The station is located under Avenue de la République, between Rue Saint-Maur and Rue Servan. Approximately oriented along an east-west axis, it is located between the Parmentier and Père Lachaise stations. History The station opened on 19 October 1904 as part of the first section of line 3 between Père Lachaise and Villiers. The Rue Saint-Maur is named after Saint Maurus, a disciple of Saint Benedict of Nursia, who is said to have saved Saint Placid from drowning. It owes its initial name of Saint-Maur to its proximity to rue Saint-Maur, which corresponds to an old path which led from the Abbey of Saint-Maur to the Abbey of Saint-Denis. Until the early years of the 21st century the station was called Saint-Maur, but on 1 September 1998 its name was changed to avoid confusion with stations on RER line A in Saint-Maur-des-Fossés in the southeastern suburbs of Paris. Like a third of the stations on the network, between 1974 and 1984 the station's platforms were renovated in the Andreu-Motte style, orange in this case. As part of the RATP's Renouveau du métro program, the station's corridors were renovated in the course of the 2000s. In 2018, 3,065,770 travelers entered this station which placed it at 181st position of the metro stations for its usage. Passenger services Access The station has four entrance points established on Avenue de la République: entrance 1 - Rue Saint-Maur, consisting of a fixed staircase adorned with a Guimard ironwork listed as historic monument on 29 May 1978, leading to the right of no. 74 on the avenue; entrance 2 - Rue Servan, consisting of a escalator allowing only an exit to street level, located opposite No. 90 bis of the avenue; entrance 3 - Rue Saint-Hubert, consisting of a fixed staircase embellished with a mast with a yellow M inscribed in a circle, also located at the right of No. 90 bis of the avenue; entrance 4 - Rue des Bluets, also consisting of a fixed staircase, leading to no 79 on the avenue. Station layout Platforms Rue Saint-Maur is a standard configuration station. It has two platforms separated by metro tracks and the vault is elliptical. The decoration is in the Andreu-Motte style with two orange-brown light strips, benches and some openings in the corridors treated with flat brown tiles with Motte seats in orange. The bevelled white ceramic tiles cover the walls, the vault, the tympans and the rest of the corridors. The advertising frames are metallic and the name of the station is written in Parisine font on enameled plates. Bus connections The station has no connections with the RATP Bus Network. Nearby ESCP Business School Lycée Voltaire Square Maurice-Gardette Gallery References Roland, Gérard (2003). Stations de métro. D’Abbesses à Wagram. Éditions Bonneton. Category:Paris Métro stations in the 11th arrondissement of Paris Category:Railway stations opened in 1904 Category:1904 establishments in France"
103,103,American Born Chinese,"American Born Chinese is a graphic novel by Gene Luen Yang. Released in 2006 by First Second Books, it was a finalist for the 2006 National Book Awards in the category of Young People's Literature. It won the 2007 Michael L. Printz Award, the 2007 Eisner Award for Best Graphic Album: New, the Publishers Weekly Comics Week Best Comic of the Year, the San Francisco Chronicle Best Book of the Year, the 2006/2007 Best Book Award from The Chinese American Librarians Association, and Amazon.com Best Graphic Novel/Comic of the Year. It also made the Booklist Top Ten Graphic Novel for Youth, the NPR Holiday Pick, and Time Top Ten Comic of the Year. It was colored by cartoonist Lark Pien, who received the 2007 Harvey Award for Best Colorist for her work on the book. Synopsis The story of American Born Chinese consists of three separate tales. The first tale is based upon the legendary folk tale of Sun Wukong, or The Monkey King, a character from the classic Chinese novel Journey to the West. The second tale is the story of a first-generation child of immigrants named Jin Wang, who has moved from San Francisco's Chinatown to a mostly white suburb. Jin Wang struggles to fit in within his new school, and within white American culture. His story links the other two narratives, and fits the form of an ethnic coming-of-age. At school, he struggles to fit in, becomes friends with Wei-Chen Sun, a Taiwanese boy, and later dates Amelia Harris, an all-American girl, but the relationship doesn't last because of his classmate Greg's disapproval of the relationship. The third tale tells the story of a white American boy named Danny, whose Chinese cousin Chin-Kee (as in ""Chinky"") comes and visits every year. Chin-Kee displays many American racial stereotypes of the Chinese in terms of accent, dress, hairstyle, physical appearance, eating habits, academic performance, and hobbies. Danny is troubled by Chin-Kee's visits. While the three tales are seemingly unrelated at first, it is later revealed in the book that Danny is actually Jin Wang, who ""transformed"" into a White boy after being prevented from pursuing the girl of his dreams for being Chinese. Eventually, Danny fights Chin-Kee, only to find out that Chin-Kee is really the Monkey King, who came to remind him of his true identity. Ultimately, Jin Wang gives up his ""Danny"" persona and embraces his Chinese identity. Character list The Monkey King: A monkey who has lived for thousands of years and mastered all the heavenly disciplines. He yearns to join the ranks of gods, and after being rejected, goes on a rampage. He managed to defeat many gods and goddesses, but was buried under a mountain by Tze-Yo-Tzuh for five hundred years. He was later released by Wong Lai-Tsao and accompanies him on his journey. Tze-Yo-Tzuh: Tze-Yo-Tzuh () is the creator of the universe and all of the deities, Wong Lai-Tsao: Based upon Tang Sanzang from Journey to the West. Wong Lai-Tsao is a monk sent on a journey for Tze-Yo-Tzuh. He is promised the Monkey King"
104,104,Lawrie Glacier,"Lawrie Glacier () is a glacier flowing between Mount Genecand and Mezzo Buttress, and entering the head of Barilari Bay between Cherkovna Point and Prestoy Point on the west coast of Graham Land, Antarctica. It was charted by the British Graham Land Expedition under Rymill, 1934–37, and was named by the UK Antarctic Place-Names Committee in 1959 for Robert Lawrie, an English alpine and polar equipment specialist. References External links Australian Antarctic Data Centre entry Category:Glaciers of Graham Coast"
105,105,Therion circumflexum,"Therion circumflexum is a species of ichneumon wasp in the family Ichneumonidae. Distribution This species is widespread in large parts of the Palearctic ecozone (Europe, Asia, North Africa) and alco occurs in the Nearctic ecozone (North America). Description Therion circumflexum can reach a body length of approximately . The head and thorax of these relatively large parasitic wasps are predominantly black. The scutellum is yellow. The abdomen is predominantly orange. Usyally the rear end and the top of the third tergites are black. The female has a short spike. The legs are yellow-orange. The posterior femur and posterior tibia have a dark brown apical end. The wings are orange-hyaline. In the clypeus the median apicali tooth is missing and the hind tarsal claws are evenly curved. Biology The adult parasitoid wasps of this species fly from mid-June to September. They parasitize various butterfly species. These butterflies include the small engrailed (Ectropis crepuscularia), the privet hawk moth (Sphinx ligustri), the pine hawk-moth (Sphinx pinastri), the pebble prominent (Notodonta ziczac) and a number of moths (Noctuidae). The female wasp lays its eggs in the caterpillars. The hatched larvae feed on the caterpillar and pupates later in a thin web. References Category:Parasitic wasps Category:Insects described in 1758"
106,106,Phragmataecia terebrifer,Phragmataecia terebrifer is a species of moth of the family Cossidae. It was described by Thomas Bainbrigge Fletcher and is found in India. References Category:Moths described in 1927 Category:Phragmataecia
107,107,Berezinian,"In mathematics and theoretical physics, the Berezinian or superdeterminant is a generalization of the determinant to the case of supermatrices. The name is for Felix Berezin. The Berezinian plays a role analogous to the determinant when considering coordinate changes for integration on a supermanifold. Definition The Berezinian is uniquely determined by two defining properties: where str(X) denotes the supertrace of X. Unlike the classical determinant, the Berezinian is defined only for invertible supermatrices. The simplest case to consider is the Berezinian of a supermatrix with entries in a field K. Such supermatrices represent linear transformations of a super vector space over K. A particular even supermatrix is a block matrix of the form Such a matrix is invertible if and only if both A and D are invertible matrices over K. The Berezinian of X is given by For a motivation of the negative exponent see the substitution formula in the odd case. More generally, consider matrices with entries in a supercommutative algebra R. An even supermatrix is then of the form where A and D have even entries and B and C have odd entries. Such a matrix is invertible if and only if both A and D are invertible in the commutative ring R0 (the even subalgebra of R). In this case the Berezinian is given by or, equivalently, by These formulas are well-defined since we are only taking determinants of matrices whose entries are in the commutative ring R0. The matrix is known as the Schur complement of A relative to An odd matrix X can only be invertible if the number of even dimensions equals the number of odd dimensions. In this case, invertibility of X is equivalent to the invertibility of JX, where Then the Berezinian of X is defined as Properties The Berezinian of is always a unit in the ring R0. where denotes the supertranspose of . Berezinian module The determinant of an endomorphism of a free module M can be defined as the induced action on the 1-dimensional highest exterior power of M. In the supersymmetric case there is no highest exterior power, but there is a still a similar definition of the Berezinian as follows. Suppose that M is a free module of dimension (p,q) over R. Let A be the (super)symmetric algebra S*(M*) of the dual M* of M. Then an automorphism of M acts on the ext module (which has dimension (1,0) if q is even and dimension (0,1) if q is odd)) as multiplication by the Berezianian. See also Berezin integration References Category:Super linear algebra Category:Determinants"
108,108,Samuel Shumack,"Samuel Shumack (1850 - 1940) was an early Canberra pioneer and Australian farmer. He wrote his autobiography in the 1920s and it was published in 1967 as an account of rural living in the Canberra district. Shumack Street in Weetangera is named after his father, Richard Shumack. Early life Samuel Shumack was born in Mallow, County Cork, Ireland. He and his family moved to Australia in 1856, escaping the Irish depression. The family sailed in the Bermondsey, arriving in Sydney on 29 August 1856. Upon arrival in Sydney, six-year-old Shumack and his family together travelled the three-week journey by horse-drawn cart to the sheep station Duntroon. At Duntroon Shumack's father, Richard Shumack, was employed for two years by Robert Campbell. Life in Australia After two years at Duntroon, Richard Shumack took up a selection at Emu Bank (now the site of Belconnen Library). Samuel Shumack attended school at St John's Church school for six weeks before turning his attention to farming on the family property. He began work as a shepherd on his father's selection at age eight. Springvale, Weetangera In 1866, at age 16, Samuel Shumack took up land at ""Spring Vale"" in Weetangera with his father. In 1876 Shumack and one of his relatives were convicted of illegally cutting timber on Crown lands. Samuel Shumack married Sarah Winter (born 1871) in June 1893. The couple had eight children together. The Shumacks lived in Weetangera until 1915 when their land was resumed by the Commonwealth to become part of the Australian Capital Territory. During his time in Weetangera, Shumack was a farmer and grazier. He was involved in local cricket, including as a member of the Ginninderra XI. He and his team frequently rode long distances to compete. Bushfires raged at Springvale in January 1902. Shumack narrowly escaped the fires and lost many acres of grass at his property. For a year beginning Easter 1895, and again in 1904, Shumack was elected a churchwarden at St John's, Canberra. With these years of service and others combined, all up he was a warden at the church for 30 years. By the end of his life, Shumack had worshipped at St. John's for 49 years. The church honoured Shumack in 1951 by dedicated a window to his memory; the window depicted St. John the Evangelist. Upper Hebden In 1915, Shumack moved to Upper Hebden, near Ravensworth in the Hunter Region of New South Wales. Shumack had a fondness for books and writing, having amassed a library of over 2000 books during his life. In 1926, Shumack wrote a letter to a favourite novelist of his, Zane Grey. The letter he received back was published in the local newspaper, the Singleton Argus. During his time in Upper Hebden, Shumack wrote his autobiography. The book, an account of life in rural Canberra, was published in 1967. Peakhurst Shumack died on 6 April 1940 at Peakhurst, New South Wales, where he had been living with his wife Sarah and his daughter Jemima. His body was interred at St. John's in Canberra, following a church service. Sarah"
109,109,Datta Walvekar,"Dr. Datta Walvekar (Marathi: दत्ता वाळवेकर) (30 March 1928 in Belgaum, India – 16 March 2010 in Pune) was an Indian Marathi singer and music director. Background Popularly known as 'Master Datta' in the decade of the 1950s. These programs used to be staged in the big gatherings named ""Melas"". Walvekar came to Karad at the age of 6, in 1944. There he started acting in Marathi Plays, also started singing at the age of 14, in gatherings of social, cultural platforms of Melas. Walvekar started his career as a singer, by imitating his idol, Gajanan Watve, in the year 1948. Career as an actor Walvekar also acted in Marathi Plays like ""Yudhdhachya Sawlya"" written by Gajanan Digambar Madgulkar (popularly known as Ga Di Ma), and ""Lagnachi Bedi"", written by Pralhad Keshav Atre, and enacted by Veteran actor Bapurao Mane. He was fortunate enough to have company of big personalities. His contemporary singers were Babanrao Nawdikar, Govind Kurwalikar, Kumudini Pednekar etc. Contribution on radio Walvekar also directed many musicals on All India Radio, Pune and Mumbai. He composed songs for the programs of Doordarshan Mumbai. He was given a musical play to direct by the then Producer of All India Radio, Sitakant Lad, for the Inaugural function of New Building of All India Radio in Pune. Style and type of Singing Most important features of his singing style was his melodious voice. In his early twenties, he used to sing the songs of female origin also. His clear pronunciation of the words, melodious presentation with the emotions, used to impress the audiences on large scale. Public Performances In those days of 1950 and 1960, the meaningful Marathi poetry and songs were presented by the legendary singers like Datta Walvekar and Gajanan Watve, before the audience of thousands in all parts of Maharashtra. In the public functions of Ganesh Festivals, Navratri or any other religious functions, he used to present a bouquet of love songs, patriotic songs as well as the comic songs to satisfy the demand from his fans and audiences. It was the time, when there were no TV Channels and no other ways of entertainment like after the year 1990. All India Radio was the only electronic Medium of entertaining and informing the audiences. Out of the public Performing Arts, Drama, Folk dance, Folk Music and Classical as well as Semi Classical Music was performed in close door or out door Programs before thousands of the fans. Master Datta was not only appreciated because of his sweet voice, by the audiences, but was flooded with the offers of the Public programs from various parts of the state. Datta Walvekar had performed his musical programs and songs by himself, with his troupe, in almost all the states of India and all districts of Maharashtra. Other career Master Datta Walvekar, since his Young years, was a die hard fan of great literature Gajanan Digambar Madgulkar, Actor Singer Balagandharva, and Music Director Shriniwas Khale. He used to call them as his Gods. Datta Walvekar completed his education in the Linguistic, with his research"
110,110,Barcelona França railway station,"Estació de França (; ; ""France Station"") is a major railway station in the city of Barcelona in Catalonia, Spain. Estació de França is the second busiest railway station of the city after Barcelona-Sants in terms of regional and long-distance ridership. It may lose this status, however, with the arrival of the AVE high-speed train in Sants and the construction of Estació de la Sagrera, planned for completion at the end of 2017, that will concentrate most of the traffic. History A railway station was first built here in the 19th century as the main terminus for trains arriving from France (as its name still suggests) but also for services to North East Catalonia and the Costa Brava. Rebuilt and reopened for the 1929 International Exhibition, the two monumental buildings that make up the station were designed by the architect Pedro Muguruza and inaugurated by King Alfonso XIII. They surround the railway tracks in the shape of a 'U'. In total, the station's structure is 29 m tall and 195 m long. The station was closed for renovation between from 1988 and 1992, reopening for the Olympic Games of 1992. Architecture It is generally seen as the city's most beautiful station. It is worth seeing in its own right for the restrained mix of classical and more modern style that is complete with decoration in marble, bronze and crystal and its modernista and art déco motifs. Over the last three decades it has been eclipsed as Barcelona's main station by the underground sprawl of Sants. Indeed, most other stations of Barcelona are at least partly underground. The station's status as the terminus for international trains from and through France ended with the discontinuation of the overnight 'trenhotels' in 2013, which coincided with the introduction of the new high-speed daytime TGV services to Paris, Toulouse, Lyons and Marseilles, all of which call at or terminate at Sants. Part of the original building now belongs to Pompeu Fabra University, serving as its ""França building"". Lines The station accommodates twelve tracks and seven platforms. It is the terminus for a number of RENFE services: Rodalies Barcelona: R10 - the half-hourly Barcelona International Airport train via central Barcelona (Passeig de Gràcia railway station and Sants), but suspended for AVE works, temporarily served by R2 SUD to central Barcelona (Passeig de Gràcia railway station and Sants), Viladecans, Gavà, Castelldefels, Sitges, Vilanova i la Geltrú, Calafell and Sant Vicenç de Calders Medium-distance (Renfe Media Distancia): Ca1, Ca3, Ca4, Ca6 The station is often also used as backup terminal when parts of the railway network are undergoing maintenance; the station received a wide variety of services during upgrades to the Aragó tunnel during winter of 2008. Services Location The station is located in the east of the city, down between the docks and the zoo. Although it does not have its own metro station, it is easily accessible: directly on the R10 line through central Barcelona (Sants and Passeig de Gràcia), as well as a good five-minute walk from Barceloneta station on line 4 of the Barcelona Metro. Gallery"
111,111,Psilocorsis cirrhoptera,"Psilocorsis cirrhoptera is a moth in the family Depressariidae. It was described by Ronald W. Hodges in 1961. It is found in North America, where it has been recorded from Arizona. The wingspan is about 19 mm. Adults have been recorded on wing in July. References Category:Moths described in 1961 Category:Psilocorsis"
112,112,Psilocerea psegma,"Psilocerea psegma is a species of moth of the family Geometridae. It is found on the Comoros. Related pages List of moths of the Comoros References De Prins, J. & De Prins, W. 2015. Afromoths, online database of Afrotropical moth species (Lepidoptera). World Wide Web electronic publication (www.afromoths.net) (13.Mar.2015) Herbulot, C. 1981a. Mission P. Viette à la grande Comore. Lepidoptera Geometridae. - Bulletin de la Société entomologique de France 85 (1980)(11–12):266–273 Category:Ennominae Category:Moths described in 1981"
113,113,Pontefract de Lacys' family tree,"This is the family tree of the de Lacys of Pontefract who were the holders of both Pontefract Castle and the Honour of Pontefract from 1067 to 1348 The holders of the castle and Honour of Pontefract are indicated by an asterisk. Notes Sources Padgett, Lorenzo, Chronicles of Old Pontefract (1905) facsimile published 1993, Old Hall Press, Leeds Category:Family trees Category:Pontefract Category:De Lacy family"
114,114,Geek'd Con,"Geek'd Con is an annual fan convention held in Shreveport, Louisiana. The event was founded in 2015, and debuted as one of the largest Comic book convention in the state of Louisiana, with a first year attendance that topped 12,000 people over three days. The event showcases comic books, science fiction/fantasy, pop culture and fandom elements, such as horror, anime, manga, animation, toys, collectible card games, video games and web entertainment. Like most comic book conventions, Geek'd Con features a large floorspace, taking up two full floors at the Hilton Hotel Convention Center (Shreveport) for exhibitors. The event includes a large autographs area, as well as an Artists Alley, where comic book artists can sign autographs and sell or do sketches. Economic impact In 2016, Geek'd Con's economic impact for the Shreveport area exceeds $1.4 Million annually. As of the 2019 event, the economic impact grew to $2.2 Million. Expansions After the 2015 show in Shreveport, the Geek'd Con brand expanded to new markets. The first expansion was to Tyler, Texas in June 2016, with a second expansion to Rockford, Illinois in October of the same year. While the mild success of this event further expansions have been placed on hold due to low attendance records. History, locations and dates References Category:Anime conventions in the United States Category:Gaming conventions Category:Horror conventions Category:Science fiction conventions in the United States Category:Multigenre conventions"
115,115,Sex-Business: Made in Pasing,"Sex-Business: Made in Pasing is a 1970 West German documentary film directed by Hans-Jürgen Syberberg. It focuses on Alois Brummer, a Bavarian producer of pornographic comedies and sexploitation films. The film was shot in July 1970 in Pasing, Oberaudorf. It had a budget of 30,000 DM. The film premiered on 3 January 1970 at the Occam Studio für Filmkunst in Munich. It was broadcast on ARD on 23 March 1970. It received the Filmband in Silber, the second-place prize, for Best Documentary Feature Film at the Deutscher Filmpreis 1970. The Münchner Anstalt gave the film an honorarium of 40,000 DM. See also Bavarian porn References External links Category:1970 films Category:1970s documentary films Category:Documentary films about pornography Category:Films directed by Hans-Jürgen Syberberg Category:Films shot in Bavaria Category:German documentary films Category:West German films"
116,116,Heavy snow warning,"A Heavy snow warning was a weather warning issued by the National Weather Service of the United States during times when a high rate of snowfall was occurring or was forecast. Generally, the warning was issued for snowfall rates of or more in 12 hours, or or more in 24 hours. This warning was discontinued beginning with the 2008-09 winter storm season, replaced by the Winter Storm Warning for Heavy Snow. A similar warning is issued by Environment Canada's Meteorological Service of Canada Example of a heavy snow warning URGENT - WINTER WEATHER MESSAGE NATIONAL WEATHER SERVICE FAIRBANKS AK 221 PM AST SUN DEC 9 2007 .A STORM SYSTEM MOVING NORTH OVER THE CENTRAL BERING SEA WILL MOVE TO SOUTHWEST OF SAINT LAWRENCE ISLAND MONDAY AFTERNOON. THE STORM WILL BRING SNOW AND EAST WINDS OF 30 TO 45 MPH TONIGHT OVER MUCH OF WESTERN ALASKA FROM THE YUKON DELTA TO THE SEWARD PENINSULA TONIGHT. WINDS WILL DIMINISH EARLY MONDAY BUT SNOW IS EXPECTED TO CONTINUE THROUGH MONDAY AFTERNOON. AKZ212-100600- /X.CON.PAFG.HS.W.0011.071210T0000Z-071211T0200Z/ EASTERN NORTON SOUND AND NULATO HILLS- INCLUDING...UNALAKLEET...STEBBINS...ST MICHAEL...ELIM...KOYUK... SHAKTOOLIK 221 PM AST SUN DEC 9 2007 ...HEAVY SNOW WARNING REMAINS IN EFFECT UNTIL 5 PM AST MONDAY... A HEAVY SNOW WARNING REMAINS IN EFFECT UNTIL 5 PM AST MONDAY. SNOW WILL SPREAD INTO THE AREA SOUTH OF UNALAKLEET THIS AFTERNOON...AND WILL SPREAD NORTH TONIGHT...AND CONTINUE INTO MONDAY. SNOWFALL ACCUMULATION OF 6 TO 10 INCHES ARE EXPECTED WITH HIGHEST AMOUNTS ACROSS THE NULATO HILLS. EAST WINDS WILL INCREASE TONIGHT TO 25 TO 35 MPH AND SOME VISIBILITIES WILL BE REDUCED TO ONE-QUARTER MILE AT TIMES IN BLOWING SNOW. A HEAVY SNOW WARNING MEANS HAZARDOUS WINTER WEATHER IS EXPECTED. THE ACCUMULATION OF NEW SNOW WILL MAKE TRAVEL DIFFICULT. $$ See also Severe weather terminology (Canada) Severe weather terminology (United States) Winter storm External links National Weather Service Federal Emergency Management Agency Meteorological Service of Canada Category:Weather warnings and advisories"
117,117,785 Zwetana,"785 Zwetana is a minor planet orbiting the Sun that was discovered by Adam Massinger, an assistant at the Heidelberg Observatory, on March 30, 1914. Radar observations indicate that it is metallic. In 1990, the asteroid was observed from the European Southern Observatory, allowing a composite light curve to be produced that showed a rotation period of 8.919 ± 0.004 hours and a brightness variation of 0.13 ± 0.01 in magnitude. References External links 000785 Category:Discoveries by Adam Massinger Category:Minor planets named for people Category:Named minor planets 000785 000785 19140330"
118,118,Edmundo Warnke,"Pedro Edmundo Warnke Bravo (born 3 July 1951) is a Chilean long-distance runner. He competed in the 5000 metres at the 1972 Summer Olympics and the 1976 Summer Olympics. Warnie finished fourth in the 5,000 metres at the 1971 Pan American Games and sixth in the 5,000 and 10,000 metres in the 1975 Pan American Games. In the 1979 Pan American Games, he finished fifth in the marathon. References Category:1951 births Category:Living people Category:Athletes (track and field) at the 1972 Summer Olympics Category:Athletes (track and field) at the 1976 Summer Olympics Category:Chilean male long-distance runners Category:Olympic athletes of Chile Category:Athletes (track and field) at the 1971 Pan American Games Category:Athletes (track and field) at the 1975 Pan American Games Category:Athletes (track and field) at the 1979 Pan American Games Category:Pan American Games competitors for Chile Category:Sportspeople from Viña del Mar"
119,119,Washington State Route 170 (1965–67),"State Route 170 was a state route in the U.S. state of Washington. It was an auxiliary route of SR 17. It started at SR 17 in Mesa, then headed west to Ringold, where it ended. Route description From 1964 until 1970, SR 170 began at Ringold Road near the Columbia River southwest of Basin City. From Ringold Road, the roadway traveled northeast into Basin City and then left east to end at SR 17 north of its southern terminus at (US 395) in Mesa; the current road is named Road 170. History The former route of SR 170 first appeared on a map in 1926, when Rand McNally published a road map of Washington, including a road extending from Hanford to Mesa. That road would later become a section of (SSH 11A) in 1937, which ran from Yakima to Connell. In 1953, SSH 11A was relocated due to the development of the Hanford Site and the Hanford–Mesa route became the Ringold branch. Although the roadway was on a map by 1926, the road wasn't finished until after 1963; one year later in 1964, the highway became SR 170, which was later moved to another route near Warden in 1970. Major intersections References 170"
120,120,Mother Cummings Peak,"The Mother Cummings Peak is one of the prominent peaks on the Great Western Tiers located in the Central Highlands region of Tasmania, Australia. With an estimated elevation of between above sea level, the summit of Cummings Head offers 360 degree views. The summit can be reached in about 1 – 2 hours (depending on fitness), and the track is rather steep. Two walking tracks lead to the summit: one from the north via Mole Creek, and the other from the south from the upper Meander Valley. See also List of mountains in Tasmania References Category:Mountains of Tasmania Category:Central Highlands (Tasmania)"
121,121,Lyropupa striatula,"Lyropupa striatula is a species of air-breathing land snail, terrestrial pulmonate gastropod mollusks in the family Pupillidae. This species is endemic to Hawaii. References Cowie, R. & Pokryseko, B. 1996. Lyropupa striatula. 2006 IUCN Red List of Threatened Species. Downloaded on 7 August 2007. Category:Lyropupa Category:Gastropods described in 1871 Category:Molluscs of Hawaii Category:Taxonomy articles created by Polbot"
122,122,Sisters of the Immaculate Conception of the Blessed Virgin Mary,"The Sisters of the Immaculate Conception of the Blessed Virgin Mary are a Roman Catholic religious congregation. They were founded at Marijampolė, Lithuania, by the Most Rev. Archbishop George Matulaitis, MIC on October 15, 1918. The sisters observe the evangelical counsels and live in their religious community. In the US, Canada and Lithuania they serve in diversified ministries: education, youth ministry, health care with the aged, social, pastoral and parish work, communications and hospitality. Training Along with their initial spiritual training, the postulants pursue studies in preparation for their future work in the apostolate. The time of novitiate is two years after which they make their first profession of temporary vows. Perpetual vows are taken usually after five years of temporary profession. Qualifications Age: 18 to 40 Completion of high school and up. Habit Originally, the sisters wore a full-length, tailored black dress, Roman collar and a simple black veil. At present plain navy blue outfits and short veil are worn. History Between 1918 and 1940 the Congregation in Lithuania numbered 150 sisters with its motherhouse in Marijampolė and missions in 16 other locations throughout the country. Their Founder, now Blessed Jurgis Matulaitis, had designated its mission to be service to the poor and needy and it took on charitable, educational, health care and various other religious ministries seeking out the less fortunate. When Lithuania was occupied by the communists in 1940, the Congregation was officially disbanded as the country fell under Soviet rule. The sisters went underground, living their religious life in secret and doing apostolic work to strengthen the faith of a people suffering constant religious persecution. In 1990 when Lithuania won its struggle for independence and the Church was again able to function freely, the Congregation was re-established and its mission renewed and expanded with the help of the Community in the USA. The American mission, founded in 1936 with its center in Putnam, CT had to function independently until 1990. Its various missions in the US and Canada served Lithuanian immigrants and local residents. Youth ministry, parish work, health care, publishing religious books and magazines and retreat work were undertaken by this relatively small community. In 1980 a new provincial house and spiritual renewal center was built in Putnam and is now functioning along with parish missions and youth ministry in Lemont, IL and Toronto, Ontario, Canada. A large modern Nursing Home was built nearby our provincial house and named after their Founder, Blessed George Matulaitis who was gifted with special compassion for the sick and disabled. The youth ministry is continued also in their summer Camp Neringa in Vermont. The Sisters celebrated the 70th anniversary of services in USA in 2006 and will be celebrating the 40th anniversary of Camp Neringa in 2009. Sponsored Ministries Matulaitis Nursing Home (Putnam, CT) Neringa Summer Camp http://www.immaculateconceptionsite.org/ Immaculate Conception Spiritual Renewal Center References Sisters of the Immaculate Conception of the Blessed Virgin Mary, Putnam,CT Matulaitis Nursing Home, Putnam,CT Immaculate Conception Spiritual Renewal Center, Putnam, CT Neringa Leadership Team, Vermont Category:Catholic female orders and societies Category:Catholic teaching orders"
123,123,Károly Zipernowsky,"Károly Zipernowsky (born as Carl Zipernowsky, 4 April 1853 in Vienna – 29 November 1942 in Budapest) was an Austrian-born Hungarian electrical engineer. He invented the transformer with his colleagues (Miksa Déri and Ottó Bláthy) at the famous Hungarian manufacturing company Ganz Works and he contributed significantly with his works also to other AC technologies. Biography Zipernowsky, with Ottó Bláthy and Miksa Déri, all of Ganz and Company, were researching ways of increasing efficiency of electrical power transmission. They experimented with power supplies and current transformation, which led to the invention of the ZBD alternating current transformer in 1885. The ZBD system is based on a closed-iron ring core with an arbitrary diameter and a coil around the core, which conducts AC current. Their system converted higher voltage suitable for energy transmission to lower ""service""-level voltage (step-down transformer). Nikola Tesla then proposed the use of step-up transformers, which would output higher voltage current than they received. This principle is widely used for power transmission over long distances all over the world. References External links Technical University of Budapest. ""Károly Zipernowsky"". Budapest, 1996. His life ¨ Category:1853 births Category:1942 deaths Category:Hungarian inventors Category:Hungarian electrical engineers Category:Hungarian expatriates in Austria Category:Austro-Hungarian engineers Category:Austro-Hungarian inventors Category:People from Vienna"
124,124,"Young, Black, and Determined","Young, Black, and Determined: A Biography of Lorraine Hansberry is a 1998 book by Patricia and Fredrick McKissack. It is a biography of the playwright and activist, Lorraine Hansberry. Reception A review of Young, Black, and Determined by Booklist wrote ""The McKissacks' biography sparkles with the energy and passion that characterize their subject. Readers can drink in the whole civil rights history of much of this century and an in-depth treatment of Hansberry's major play, along with her fascinating life, which cancer ended prematurely in 1965""; the School Library Journal called it a ""well-written biography"" and concluded ""Whatever their purpose for using this volume, readers will find it lively and engaging."" Young, Black, and Determined has also been reviewed by Kirkus Reviews, The New York Times, and the Journal of Adolescent & Adult Literacy. It is a 1998 CCBC Choices book. References Category:1998 children's books Category:American children's books Category:African-American history Category:American biographies Category:History of civil rights in the United States Category:Children's non-fiction books Category:Books by Patricia McKissack"
125,125,John Casper Branner,"John Casper Branner (July 4, 1850 – March 1, 1922) was an American geologist and academic who discovered bauxite in Arkansas in 1887 as State Geologist for the Geological Survey of Arkansas. He was Chair of the Departments of Botany and Geology at Indiana University and later at Stanford University. He was a member of the founding faculty at Stanford and served as the university's second president. He served as President of the Geological Society of America in 1904. He was President of the Seismological Society of America in 1911. He was an expert in Brazilian geology, among many other things. Biography Branner was born in the town of New Market, Tennessee, where his father was a merchant. In 1852, the family went to live on a farm given to his father by his grandfather a mile east of Dandridge on the French Broad River. He grew up there and on an adjacent property to which the family moved in 1859. During the Civil War he was very anxious to join the Confederate army, and on two occasions left school for the purpose of enlisting. His age, however, prevented his being accepted; he was only thirteen. In 1865, he went to school for a year at New Market and in 1867, he spent a year at Maryville College. He left that institution in 1868, and in 1869, went to Ithaca, New York, to attend Cornell University. He spent a year attending Ithaca Academy and entered Cornell in 1870, in the so-called classical course. In 1874, without having completed his university studies, he went by way of Europe to Brazil with Charles Fred Hartt, then professor of geology at Cornell. In 1875, he was made assistant on the geological survey of Brazil and remained on that work until the survey was abolished by the government and Professor Hartt died. In 1879, he accepted a position as assistant engineer and interpreter for the São Cyriaco Gold Mining Company of Boston, and spent a year near Serro, state of Minas Geraes, in the diamond regions of Brazil. In 1881, he returned to the United States, but was sent back to South America by Thomas Edison in search of a vegetable fiber for use in his then newly invented incandescent electric lamp. In 1882, he returned to Cornell University, completed his studies and graduated. In 1883 to 1885, he was topographic geologist of the Geological Survey of Pennsylvania in the anthracite regions; in 1885, after receiving his Ph.D. from Indiana University, he was made professor of geology at Indiana University, a position he held until 1891, though he was absent on leave for several years. In 1887, he was appointed State Geologist of the Geological Survey of Arkansas. As State Geologist, he exposed gold-mining swindles then operating in Arkansas, for which the citizens of Bear City, Arkansas, burned him in effigy, and the stock promoters tried to have him fired. In 1891, he was appointed Professor and Chair of the Department of Geology at the newly opened Stanford University, recruited by his colleague from Cornell and"
126,126,Katharine Blake (actress),"Katharine Blake (11 September 1921 – 1 March 1991) was a South African-born British actress, with an extensive career in television and movies. She was married to director Charles Jarrott. She had two daughters, each by different fathers, Jenny Kastner (Nee Jacobs), with her first husband, actor Anthony Jacobs (father of Martin Jameson, Matthew Jacobs and Amanda Jacobs), and Lindy Greene, with her second husband, actor/director David Greene. She was estranged from both daughters at the time of her death. Blake won the BAFTA for Best Actress for her work in television in 1964. In 1969/1970 she played the character Chris Nourse in first an episode of Public Eye and then in Armchair Theatre'''s Wednesday's Child; one of the first lesbian love affairs to be seen on UK television. Blake replaced Googie Withers as the Prison Governor in the ITV series Within These Walls in 1977, but only appeared in one season, leaving the role due to ill health. Selected filmography Trottie True (1949) – Ruby Rubarto (uncredited) Assassin for Hire (1951) – Maria Riccardi The Dark Light (1951) – Linda Hunted (1952) – Waitress Saturday Island (1952) – Nurse Hammer the Toff (1952) – Janet Lord Now That April's Here (1958) – Hilda Adams (segment ""The Rejected One"") To Have and to Hold (1963) – Claudia Anne of the Thousand Days (1969) – Elizabeth Boleyn Selected television 1961: The Avengers – Dr. Ampara Alvarez Sandoval 1962: Sir Francis Drake – The Dark Lady 1962: Maigret – Mado 1963: The Saint – Rosemary Chase 1967: The Baron – Madame Nicharos 1969: Public Eye – Mrs. Chris Nourse 1971: Paul Temple – Drucilla Ardrey 1972: The Shadow of the Tower – Signora Cabot 1972: No Exit – Claire Dufort 1959–1973: Armchair Theatre – Sylvia Forsyth / Chris Nourse / Hilary / Marie / Carla Melini / Doris Binstead 1974: Crown Court – Irene Rutland 1976: Within These Walls'' – Prison Governess — Helen Forrester References External links Category:1921 births Category:1991 deaths Category:People from Johannesburg Category:South African film actresses Category:South African stage actresses Category:South African television actresses Category:20th-century South African actresses Category:BAFTA winners (people) Category:Best Actress BAFTA Award (television) winners"
127,127,Brahmagupta–Fibonacci identity,"In algebra, the Brahmagupta–Fibonacci identity expresses the product of two sums of two squares as a sum of two squares in two different ways. Hence the set of all sums of two squares is closed under multiplication. Specifically, the identity says For example, The identity is also known as the Diophantus identity, as it was first proved by Diophantus of Alexandria. It is a special case of Euler's four-square identity, and also of Lagrange's identity. Brahmagupta proved and used a more general identity (the Brahmagupta identity), equivalent to This shows that, for any fixed A, the set of all numbers of the form x2 + Ay2 is closed under multiplication. These identities hold for all integers, as well as all rational numbers; more generally, they are true in any commutative ring. All four forms of the identity can be verified by expanding each side of the equation. Also, (2) can be obtained from (1), or (1) from (2), by changing b to −b, and likewise with (3) and (4). History The identity is actually first found in Diophantus' Arithmetica (III, 19), of the third century A.D. It was rediscovered by Brahmagupta (598–668), an Indian mathematician and astronomer, who generalized it (to the Brahmagupta identity) and used it in his study of what is now called Pell's equation. His Brahmasphutasiddhanta was translated from Sanskrit into Arabic by Mohammad al-Fazari, and was subsequently translated into Latin in 1126. The identity later appeared in Fibonacci's Book of Squares in 1225. Related identities Analogous identities are Euler's four-square related to quaternions, and Degen's eight-square derived from the octonions which has connections to Bott periodicity. There is also Pfister's sixteen-square identity, though it is no longer bilinear. Multiplication of complex numbers If a, b, c, and d are real numbers, the Brahmagupta–Fibonacci identity is equivalent to the multiplicativity property for absolute values of complex numbers: This can be seen as follows: expanding the right side and squaring both sides, the multiplication property is equivalent to and by the definition of absolute value this is in turn equivalent to An equivalent calculation in the case that the variables a, b, c, and d are rational numbers shows the identity may be interpreted as the statement that the norm in the field Q(i) is multiplicative: the norm is given by and the multiplicativity calculation is the same as the preceding one. Application to Pell's equation In its original context, Brahmagupta applied his discovery of this identity to the solution of Pell's equation x2 − Ay2 = 1. Using the identity in the more general form he was able to ""compose"" triples (x1, y1, k1) and (x2, y2, k2) that were solutions of x2 − Ay2 = k, to generate the new triple Not only did this give a way to generate infinitely many solutions to x2 − Ay2 = 1 starting with one solution, but also, by dividing such a composition by k1k2, integer or ""nearly integer"" solutions could often be obtained. The general method for solving the Pell equation given by Bhaskara II in 1150, namely the chakravala"
